transaction_id,phase,block,unit,floor,saleable_area_sqft,price_hkd,price_per_sqft_hkd_reference_only,sale_date,source_url,notes
1,1,1,C,26,327,4850000,14832,2018-12-13,https://www.28hse.com/en/estate/detail/city-one-shatin-4080/history/stateno-1/blockno-1,
2,1,1,C,25,327,4300000,13150,2024-03-28,https://www.28hse.com/en/estate/detail/city-one-shatin-4080/history/stateno-1/blockno-1,
3,1,1,E,25,451,7780000,17251,2018-07-03,https://www.28hse.com/en/estate/detail/city-one-shatin-4080/history/stateno-1/blockno-1,
4,1,1,G,25,327,5730000,17523,2020-09-18,https://www.28hse.com/en/estate/detail/city-one-shatin-4080/history/stateno-1/blockno-1,
5,1,1,A,24,451,7500000,16630,2021-03-26,https://www.28hse.com/en/estate/detail/city-one-shatin-4080/history/stateno-1/blockno-1,
6,1,1,C,24,327,5998000,18343,2019-08-01,https://www.28hse.com/en/estate/detail/city-one-shatin-4080/history/stateno-1/blockno-1,
7,1,1,H,24,327,6180000,18899,2021-12-21,https://www.28hse.com/en/estate/detail/city-one-shatin-4080/history/stateno-1/blockno-1,
8,1,1,D,23,327,4920000,15046,2022-09-29,https://www.28hse.com/en/estate/detail/city-one-shatin-4080/history/stateno-1/blockno-1,
9,1,1,G,23,327,4580000,14006,2024-05-08,https://www.28hse.com/en/estate/detail/city-one-shatin-4080/history/stateno-1/blockno-1,
10,1,1,C,22,327,4398000,13450,2025-07-16,https://www.28hse.com/en/estate/detail/city-one-shatin-4080/history/stateno-1/blockno-1,
11,1,1,F,22,451,7780000,17251,2020-12-24,https://www.28hse.com/en/estate/detail/city-one-shatin-4080/history/stateno-1/blockno-1,
12,1,1,C,21,327,6500000,19878,2018-10-30,https://www.28hse.com/en/estate/detail/city-one-shatin-4080/history/stateno-1/blockno-1,
13,1,1,D,21,327,6290000,19235,2022-01-10,https://www.28hse.com/en/estate/detail/city-one-shatin-4080/history/stateno-1/blockno-1,
14,1,1,F,21,451,7550000,16741,2020-08-04,https://www.28hse.com/en/estate/detail/city-one-shatin-4080/history/stateno-1/blockno-1,
15,1,1,E,20,451,7780000,17251,2020-08-12,https://www.28hse.com/en/estate/detail/city-one-shatin-4080/history/stateno-1/blockno-1,
16,1,1,G,20,327,5600000,17125,2023-05-23,https://www.28hse.com/en/estate/detail/city-one-shatin-4080/history/stateno-1/blockno-1,
17,1,1,A,19,451,7250000,16075,2020-07-08,https://www.28hse.com/en/estate/detail/city-one-shatin-4080/history/stateno-1/blockno-1,
18,1,1,B,19,451,7600000,16851,2019-08-14,https://www.28hse.com/en/estate/detail/city-one-shatin-4080/history/stateno-1/blockno-1,
19,1,1,D,19,327,4380000,13394,2024-10-21,https://www.28hse.com/en/estate/detail/city-one-shatin-4080/history/stateno-1/blockno-1,
20,1,1,F,19,451,6500000,14412,2026-06-03,https://www.28hse.com/en/estate/detail/city-one-shatin-4080/history/stateno-1/blockno-1,
21,1,1,H,19,327,4880000,14924,2022-11-14,https://www.28hse.com/en/estate/detail/city-one-shatin-4080/history/stateno-1/blockno-1,
22,1,1,G,18,327,4400000,13456,2025-12-08,https://www.28hse.com/en/estate/detail/city-one-shatin-4080/history/stateno-1/blockno-1,
23,1,1,A,17,451,5000000,11086,2025-06-25,https://www.28hse.com/en/estate/detail/city-one-shatin-4080/history/stateno-1/blockno-1,
24,1,1,C,17,327,4508000,13786,2026-01-29,https://www.28hse.com/en/estate/detail/city-one-shatin-4080/history/stateno-1/blockno-1,
25,1,1,A,16,451,7480000,16585,2020-05-28,https://www.28hse.com/en/estate/detail/city-one-shatin-4080/history/stateno-1/blockno-1,
26,1,1,C,16,327,4850000,14832,2022-10-06,https://www.28hse.com/en/estate/detail/city-one-shatin-4080/history/stateno-1/blockno-1,
27,1,1,F,16,451,7750000,17184,2018-05-29,https://www.28hse.com/en/estate/detail/city-one-shatin-4080/history/stateno-1/blockno-1,
28,1,1,G,16,327,5900000,18043,2019-12-19,https://www.28hse.com/en/estate/detail/city-one-shatin-4080/history/stateno-1/blockno-1,
29,1,1,G,15,327,6330000,19358,2021-12-20,https://www.28hse.com/en/estate/detail/city-one-shatin-4080/history/stateno-1/blockno-1,
30,1,1,H,15,327,5680000,17370,2020-08-10,https://www.28hse.com/en/estate/detail/city-one-shatin-4080/history/stateno-1/blockno-1,
31,1,1,A,14,451,6740000,14945,2019-02-13,https://www.28hse.com/en/estate/detail/city-one-shatin-4080/history/stateno-1/blockno-1,
32,1,1,C,14,327,4150000,12691,2024-04-11,https://www.28hse.com/en/estate/detail/city-one-shatin-4080/history/stateno-1/blockno-1,
33,1,1,D,13,327,5260000,16086,2023-04-20,https://www.28hse.com/en/estate/detail/city-one-shatin-4080/history/stateno-1/blockno-1,
34,1,1,F,12,451,6220000,13792,2022-11-11,https://www.28hse.com/en/estate/detail/city-one-shatin-4080/history/stateno-1/blockno-1,
35,1,1,B,11,451,6968000,15450,2019-03-01,https://www.28hse.com/en/estate/detail/city-one-shatin-4080/history/stateno-1/blockno-1,
36,1,1,F,11,451,6170000,13681,2022-10-25,https://www.28hse.com/en/estate/detail/city-one-shatin-4080/history/stateno-1/blockno-1,
37,1,1,G,11,327,6020000,18410,2021-09-27,https://www.28hse.com/en/estate/detail/city-one-shatin-4080/history/stateno-1/blockno-1,
38,1,1,H,11,327,4880000,14924,2023-08-17,https://www.28hse.com/en/estate/detail/city-one-shatin-4080/history/stateno-1/blockno-1,
39,1,1,A,10,451,7650000,16962,2021-08-10,https://www.28hse.com/en/estate/detail/city-one-shatin-4080/history/stateno-1/blockno-1,
40,1,1,G,10,327,5500000,16820,2020-10-09,https://www.28hse.com/en/estate/detail/city-one-shatin-4080/history/stateno-1/blockno-1,
41,1,1,B,9,451,6880000,15255,2019-03-11,https://www.28hse.com/en/estate/detail/city-one-shatin-4080/history/stateno-1/blockno-1,
42,1,1,C,9,327,5680000,17370,2020-05-15,https://www.28hse.com/en/estate/detail/city-one-shatin-4080/history/stateno-1/blockno-1,
43,1,1,F,9,451,4000000,8869,2025-07-08,https://www.28hse.com/en/estate/detail/city-one-shatin-4080/history/stateno-1/blockno-1,
44,1,1,H,9,327,6300000,19266,2019-05-22,https://www.28hse.com/en/estate/detail/city-one-shatin-4080/history/stateno-1/blockno-1,
45,1,1,D,8,327,5760000,17615,2020-10-19,https://www.28hse.com/en/estate/detail/city-one-shatin-4080/history/stateno-1/blockno-1,
46,1,1,E,8,451,7130000,15809,2021-04-23,https://www.28hse.com/en/estate/detail/city-one-shatin-4080/history/stateno-1/blockno-1,
47,1,1,G,8,327,5000000,15291,2019-05-30,https://www.28hse.com/en/estate/detail/city-one-shatin-4080/history/stateno-1/blockno-1,
48,1,1,B,7,451,6188000,13721,2022-09-26,https://www.28hse.com/en/estate/detail/city-one-shatin-4080/history/stateno-1/blockno-1,
49,1,1,F,6,451,7050000,15632,2021-06-16,https://www.28hse.com/en/estate/detail/city-one-shatin-4080/history/stateno-1/blockno-1,
50,1,1,G,6,327,5330000,16300,2019-07-08,https://www.28hse.com/en/estate/detail/city-one-shatin-4080/history/stateno-1/blockno-1,
51,1,1,H,6,327,5230000,15994,2022-04-22,https://www.28hse.com/en/estate/detail/city-one-shatin-4080/history/stateno-1/blockno-1,
52,1,1,B,5,451,6600000,14634,2019-09-17,https://www.28hse.com/en/estate/detail/city-one-shatin-4080/history/stateno-1/blockno-1,
53,1,1,G,5,327,3980000,12171,2025-09-26,https://www.28hse.com/en/estate/detail/city-one-shatin-4080/history/stateno-1/blockno-1,
54,1,1,H,5,327,5800000,17737,2021-08-03,https://www.28hse.com/en/estate/detail/city-one-shatin-4080/history/stateno-1/blockno-1,
55,1,1,C,4,327,5300000,16208,2021-04-14,https://www.28hse.com/en/estate/detail/city-one-shatin-4080/history/stateno-1/blockno-1,
56,1,1,E,4,451,6000000,13304,2018-01-18,https://www.28hse.com/en/estate/detail/city-one-shatin-4080/history/stateno-1/blockno-1,
57,1,1,A,3,451,7180000,15920,2021-10-29,https://www.28hse.com/en/estate/detail/city-one-shatin-4080/history/stateno-1/blockno-1,
58,1,1,B,2,451,5650000,12528,2022-10-27,https://www.28hse.com/en/estate/detail/city-one-shatin-4080/history/stateno-1/blockno-1,
59,1,1,C,2,327,4200000,12844,2026-03-02,https://www.28hse.com/en/estate/detail/city-one-shatin-4080/history/stateno-1/blockno-1,
60,1,1,D,2,327,5280000,16147,2020-03-18,https://www.28hse.com/en/estate/detail/city-one-shatin-4080/history/stateno-1/blockno-1,
61,1,1,H,2,327,5330000,16300,2020-06-22,https://www.28hse.com/en/estate/detail/city-one-shatin-4080/history/stateno-1/blockno-1,
62,1,1,E,1,451,6400000,14191,2021-11-18,https://www.28hse.com/en/estate/detail/city-one-shatin-4080/history/stateno-1/blockno-1,
63,1,2,H,27,327,6000000,18349,2019-10-10,https://www.28hse.com/en/estate/detail/city-one-shatin-4080/history/stateno-1/blockno-2,
64,1,2,H,26,327,4280000,13089,2025-10-02,https://www.28hse.com/en/estate/detail/city-one-shatin-4080/history/stateno-1/blockno-2,
65,1,2,C,25,327,5500000,16820,2022-03-22,https://www.28hse.com/en/estate/detail/city-one-shatin-4080/history/stateno-1/blockno-2,
66,1,2,D,25,327,5800000,17737,2022-04-11,https://www.28hse.com/en/estate/detail/city-one-shatin-4080/history/stateno-1/blockno-2,
67,1,2,E,25,451,6500000,14412,2019-03-26,https://www.28hse.com/en/estate/detail/city-one-shatin-4080/history/stateno-1/blockno-2,
68,1,2,A,24,451,7900000,17517,2021-07-30,https://www.28hse.com/en/estate/detail/city-one-shatin-4080/history/stateno-1/blockno-2,
69,1,2,B,24,451,7250000,16075,2022-06-02,https://www.28hse.com/en/estate/detail/city-one-shatin-4080/history/stateno-1/blockno-2,
70,1,2,G,24,327,5930000,18135,2020-09-11,https://www.28hse.com/en/estate/detail/city-one-shatin-4080/history/stateno-1/blockno-2,
71,1,2,H,24,327,5895000,18028,2021-05-03,https://www.28hse.com/en/estate/detail/city-one-shatin-4080/history/stateno-1/blockno-2,
72,1,2,D,23,327,5000000,15291,2025-06-11,https://www.28hse.com/en/estate/detail/city-one-shatin-4080/history/stateno-1/blockno-2,
73,1,2,F,23,451,6500000,14412,2022-09-09,https://www.28hse.com/en/estate/detail/city-one-shatin-4080/history/stateno-1/blockno-2,
74,1,2,F,22,451,3550000,7871,2023-05-22,https://www.28hse.com/en/estate/detail/city-one-shatin-4080/history/stateno-1/blockno-2,
75,1,2,B,20,451,5630000,12483,2026-03-23,https://www.28hse.com/en/estate/detail/city-one-shatin-4080/history/stateno-1/blockno-2,
76,1,2,G,20,327,5850000,17890,2021-11-17,https://www.28hse.com/en/estate/detail/city-one-shatin-4080/history/stateno-1/blockno-2,
77,1,2,B,19,451,7650000,16962,2021-08-03,https://www.28hse.com/en/estate/detail/city-one-shatin-4080/history/stateno-1/blockno-2,
78,1,2,C,19,327,6000000,18349,2018-09-21,https://www.28hse.com/en/estate/detail/city-one-shatin-4080/history/stateno-1/blockno-2,
79,1,2,D,19,327,5900000,18043,2020-04-22,https://www.28hse.com/en/estate/detail/city-one-shatin-4080/history/stateno-1/blockno-2,
80,1,2,D,18,327,6400000,19572,2021-09-14,https://www.28hse.com/en/estate/detail/city-one-shatin-4080/history/stateno-1/blockno-2,
81,1,2,G,18,327,6220000,19021,2021-10-22,https://www.28hse.com/en/estate/detail/city-one-shatin-4080/history/stateno-1/blockno-2,
82,1,2,E,16,451,7860000,17428,2021-07-13,https://www.28hse.com/en/estate/detail/city-one-shatin-4080/history/stateno-1/blockno-2,
83,1,2,F,16,451,7500000,16630,2020-04-17,https://www.28hse.com/en/estate/detail/city-one-shatin-4080/history/stateno-1/blockno-2,
84,1,2,G,16,327,5790000,17706,2020-11-06,https://www.28hse.com/en/estate/detail/city-one-shatin-4080/history/stateno-1/blockno-2,
85,1,2,B,15,451,6500000,14412,2018-02-02,https://www.28hse.com/en/estate/detail/city-one-shatin-4080/history/stateno-1/blockno-2,
86,1,2,E,15,451,7400000,16408,2021-04-23,https://www.28hse.com/en/estate/detail/city-one-shatin-4080/history/stateno-1/blockno-2,
87,1,2,H,15,327,5580000,17064,2020-11-25,https://www.28hse.com/en/estate/detail/city-one-shatin-4080/history/stateno-1/blockno-2,
88,1,2,A,14,451,5850000,12971,2026-05-18,https://www.28hse.com/en/estate/detail/city-one-shatin-4080/history/stateno-1/blockno-2,
89,1,2,C,14,327,5320000,16269,2019-04-26,https://www.28hse.com/en/estate/detail/city-one-shatin-4080/history/stateno-1/blockno-2,
90,1,2,D,13,327,4800000,14679,2019-05-10,https://www.28hse.com/en/estate/detail/city-one-shatin-4080/history/stateno-1/blockno-2,
91,1,2,F,13,451,7100000,15743,2018-02-22,https://www.28hse.com/en/estate/detail/city-one-shatin-4080/history/stateno-1/blockno-2,
92,1,2,G,13,327,5600000,17125,2021-02-23,https://www.28hse.com/en/estate/detail/city-one-shatin-4080/history/stateno-1/blockno-2,
93,1,2,B,12,451,6450000,14302,2023-03-29,https://www.28hse.com/en/estate/detail/city-one-shatin-4080/history/stateno-1/blockno-2,
94,1,2,C,11,327,4350000,13303,2026-01-19,https://www.28hse.com/en/estate/detail/city-one-shatin-4080/history/stateno-1/blockno-2,
95,1,2,B,10,451,6580000,14590,2021-02-25,https://www.28hse.com/en/estate/detail/city-one-shatin-4080/history/stateno-1/blockno-2,
96,1,2,C,10,327,5000000,15291,2020-05-13,https://www.28hse.com/en/estate/detail/city-one-shatin-4080/history/stateno-1/blockno-2,
97,1,2,E,10,451,6620000,14678,2019-02-27,https://www.28hse.com/en/estate/detail/city-one-shatin-4080/history/stateno-1/blockno-2,
98,1,2,H,10,327,4250000,12997,2024-03-14,https://www.28hse.com/en/estate/detail/city-one-shatin-4080/history/stateno-1/blockno-2,
99,1,2,D,9,327,3312000,10128,2024-01-03,https://www.28hse.com/en/estate/detail/city-one-shatin-4080/history/stateno-1/blockno-2,
100,1,2,G,9,327,3180000,9725,2026-05-12,https://www.28hse.com/en/estate/detail/city-one-shatin-4080/history/stateno-1/blockno-2,
101,1,2,H,9,327,3620000,11070,2021-06-15,https://www.28hse.com/en/estate/detail/city-one-shatin-4080/history/stateno-1/blockno-2,
102,1,2,G,8,327,4000000,12232,2025-11-14,https://www.28hse.com/en/estate/detail/city-one-shatin-4080/history/stateno-1/blockno-2,
103,1,2,H,8,327,3930000,12018,2024-04-19,https://www.28hse.com/en/estate/detail/city-one-shatin-4080/history/stateno-1/blockno-2,
104,1,2,C,7,327,5400000,16514,2021-01-08,https://www.28hse.com/en/estate/detail/city-one-shatin-4080/history/stateno-1/blockno-2,
105,1,2,D,7,327,5700000,17431,2021-03-04,https://www.28hse.com/en/estate/detail/city-one-shatin-4080/history/stateno-1/blockno-2,
106,1,2,E,6,451,6280000,13925,2023-01-09,https://www.28hse.com/en/estate/detail/city-one-shatin-4080/history/stateno-1/blockno-2,
107,1,2,C,5,327,3980000,12171,2023-11-14,https://www.28hse.com/en/estate/detail/city-one-shatin-4080/history/stateno-1/blockno-2,
108,1,2,D,5,327,4150000,12691,2024-07-26,https://www.28hse.com/en/estate/detail/city-one-shatin-4080/history/stateno-1/blockno-2,
109,1,2,G,5,327,5050000,15443,2026-07-02,https://www.28hse.com/en/estate/detail/city-one-shatin-4080/history/stateno-1/blockno-2,
110,1,2,C,4,327,3000000,9174,2024-10-21,https://www.28hse.com/en/estate/detail/city-one-shatin-4080/history/stateno-1/blockno-2,
111,1,2,A,3,451,5000000,11086,2024-12-05,https://www.28hse.com/en/estate/detail/city-one-shatin-4080/history/stateno-1/blockno-2,
112,1,2,D,3,327,5300000,16208,2019-09-03,https://www.28hse.com/en/estate/detail/city-one-shatin-4080/history/stateno-1/blockno-2,
113,1,2,H,3,327,5390000,16483,2020-06-22,https://www.28hse.com/en/estate/detail/city-one-shatin-4080/history/stateno-1/blockno-2,
114,1,2,B,2,451,6300000,13969,2021-01-20,https://www.28hse.com/en/estate/detail/city-one-shatin-4080/history/stateno-1/blockno-2,
115,1,2,C,2,327,3600000,11009,2025-03-14,https://www.28hse.com/en/estate/detail/city-one-shatin-4080/history/stateno-1/blockno-2,
116,1,2,F,2,451,6880000,15255,2021-07-06,https://www.28hse.com/en/estate/detail/city-one-shatin-4080/history/stateno-1/blockno-2,
117,1,2,B,1,451,3500000,7761,2026-01-30,https://www.28hse.com/en/estate/detail/city-one-shatin-4080/history/stateno-1/blockno-2,
118,1,2,E,1,451,5480000,12151,2023-03-02,https://www.28hse.com/en/estate/detail/city-one-shatin-4080/history/stateno-1/blockno-2,
119,2,15,D,27,853,13000000,15240,2022-04-25,https://www.28hse.com/en/estate/detail/city-one-shatin-4080/history/stateno-2/blockno-15,
120,2,15,A,23,819,11468000,14002,2022-05-11,https://www.28hse.com/en/estate/detail/city-one-shatin-4080/history/stateno-2/blockno-15,
121,2,15,A,22,819,9380000,11453,2025-11-25,https://www.28hse.com/en/estate/detail/city-one-shatin-4080/history/stateno-2/blockno-15,
122,2,15,D,22,853,3000000,3517,2020-01-02,https://www.28hse.com/en/estate/detail/city-one-shatin-4080/history/stateno-2/blockno-15,
123,2,15,A,21,819,8000000,9768,2025-12-11,https://www.28hse.com/en/estate/detail/city-one-shatin-4080/history/stateno-2/blockno-15,
124,2,15,D,21,853,10800000,12661,2023-08-02,https://www.28hse.com/en/estate/detail/city-one-shatin-4080/history/stateno-2/blockno-15,
125,2,15,D,20,853,12280000,14396,2018-10-23,https://www.28hse.com/en/estate/detail/city-one-shatin-4080/history/stateno-2/blockno-15,
126,2,15,B,19,819,8280000,10110,2024-09-27,https://www.28hse.com/en/estate/detail/city-one-shatin-4080/history/stateno-2/blockno-15,
127,2,15,C,18,853,9200000,10785,2025-11-25,https://www.28hse.com/en/estate/detail/city-one-shatin-4080/history/stateno-2/blockno-15,
128,2,15,D,18,853,11630000,13634,2020-12-09,https://www.28hse.com/en/estate/detail/city-one-shatin-4080/history/stateno-2/blockno-15,
129,2,15,A,17,819,10000000,12210,2021-05-11,https://www.28hse.com/en/estate/detail/city-one-shatin-4080/history/stateno-2/blockno-15,
130,2,15,D,17,853,11800000,13834,2021-04-20,https://www.28hse.com/en/estate/detail/city-one-shatin-4080/history/stateno-2/blockno-15,
131,2,15,A,15,819,11380000,13895,2021-04-13,https://www.28hse.com/en/estate/detail/city-one-shatin-4080/history/stateno-2/blockno-15,
132,2,15,C,15,853,12400000,14537,2020-09-14,https://www.28hse.com/en/estate/detail/city-one-shatin-4080/history/stateno-2/blockno-15,
133,2,15,C,14,853,10180000,11934,2019-01-28,https://www.28hse.com/en/estate/detail/city-one-shatin-4080/history/stateno-2/blockno-15,
134,2,15,D,12,853,8380000,9824,2025-03-12,https://www.28hse.com/en/estate/detail/city-one-shatin-4080/history/stateno-2/blockno-15,
135,2,15,A,7,819,8800000,10745,2025-11-24,https://www.28hse.com/en/estate/detail/city-one-shatin-4080/history/stateno-2/blockno-15,
136,2,15,D,6,853,10380000,12169,2023-02-22,https://www.28hse.com/en/estate/detail/city-one-shatin-4080/history/stateno-2/blockno-15,
137,2,15,B,4,819,11718000,14308,2020-09-04,https://www.28hse.com/en/estate/detail/city-one-shatin-4080/history/stateno-2/blockno-15,
138,2,15,C,3,853,9000000,10551,2026-05-19,https://www.28hse.com/en/estate/detail/city-one-shatin-4080/history/stateno-2/blockno-15,
139,2,15,D,3,853,9600000,11254,2023-10-25,https://www.28hse.com/en/estate/detail/city-one-shatin-4080/history/stateno-2/blockno-15,
140,2,15,B,1,819,9990000,12198,2022-01-21,https://www.28hse.com/en/estate/detail/city-one-shatin-4080/history/stateno-2/blockno-15,
141,2,16,A,30,451,7980000,17694,2020-11-20,https://www.28hse.com/en/estate/detail/city-one-shatin-4080/history/stateno-2/blockno-16,
142,2,16,B,30,451,8180000,18137,2022-02-22,https://www.28hse.com/en/estate/detail/city-one-shatin-4080/history/stateno-2/blockno-16,
143,2,16,G,30,327,5920000,18104,2021-06-28,https://www.28hse.com/en/estate/detail/city-one-shatin-4080/history/stateno-2/blockno-16,
144,2,16,H,30,327,6010000,18379,2020-12-07,https://www.28hse.com/en/estate/detail/city-one-shatin-4080/history/stateno-2/blockno-16,
145,2,16,B,29,451,5750000,12749,2024-12-03,https://www.28hse.com/en/estate/detail/city-one-shatin-4080/history/stateno-2/blockno-16,
146,2,16,D,29,327,5268000,16110,2018-12-06,https://www.28hse.com/en/estate/detail/city-one-shatin-4080/history/stateno-2/blockno-16,
147,2,16,C,28,327,4180000,12783,2025-04-17,https://www.28hse.com/en/estate/detail/city-one-shatin-4080/history/stateno-2/blockno-16,
148,2,16,F,28,451,6000000,13304,2025-08-08,https://www.28hse.com/en/estate/detail/city-one-shatin-4080/history/stateno-2/blockno-16,
149,2,16,G,28,327,6360000,19450,2019-11-15,https://www.28hse.com/en/estate/detail/city-one-shatin-4080/history/stateno-2/blockno-16,
150,2,16,B,27,451,7600000,16851,2020-09-24,https://www.28hse.com/en/estate/detail/city-one-shatin-4080/history/stateno-2/blockno-16,
151,2,16,C,27,327,6000000,18349,2019-07-17,https://www.28hse.com/en/estate/detail/city-one-shatin-4080/history/stateno-2/blockno-16,
152,2,16,F,27,451,6080000,13481,2024-07-24,https://www.28hse.com/en/estate/detail/city-one-shatin-4080/history/stateno-2/blockno-16,
153,2,16,C,26,327,5400000,16514,2023-03-15,https://www.28hse.com/en/estate/detail/city-one-shatin-4080/history/stateno-2/blockno-16,
154,2,16,D,26,327,5860000,17920,2020-08-10,https://www.28hse.com/en/estate/detail/city-one-shatin-4080/history/stateno-2/blockno-16,
155,2,16,E,26,451,5750000,12749,2024-03-25,https://www.28hse.com/en/estate/detail/city-one-shatin-4080/history/stateno-2/blockno-16,
156,2,16,H,26,327,5700000,17431,2020-11-25,https://www.28hse.com/en/estate/detail/city-one-shatin-4080/history/stateno-2/blockno-16,
157,2,16,A,25,451,7680000,17029,2018-05-15,https://www.28hse.com/en/estate/detail/city-one-shatin-4080/history/stateno-2/blockno-16,
158,2,16,C,25,327,4800000,14679,2023-11-17,https://www.28hse.com/en/estate/detail/city-one-shatin-4080/history/stateno-2/blockno-16,
159,2,16,E,25,451,7370000,16341,2021-01-27,https://www.28hse.com/en/estate/detail/city-one-shatin-4080/history/stateno-2/blockno-16,
160,2,16,G,25,327,5300000,16208,2025-03-25,https://www.28hse.com/en/estate/detail/city-one-shatin-4080/history/stateno-2/blockno-16,
161,2,16,C,24,327,5950000,18196,2021-07-16,https://www.28hse.com/en/estate/detail/city-one-shatin-4080/history/stateno-2/blockno-16,
162,2,16,H,24,327,5200000,15902,2023-07-28,https://www.28hse.com/en/estate/detail/city-one-shatin-4080/history/stateno-2/blockno-16,
163,2,16,C,23,327,4350000,13303,2024-06-28,https://www.28hse.com/en/estate/detail/city-one-shatin-4080/history/stateno-2/blockno-16,
164,2,16,A,22,451,6780000,15033,2023-09-04,https://www.28hse.com/en/estate/detail/city-one-shatin-4080/history/stateno-2/blockno-16,
165,2,16,C,22,327,4250000,12997,2024-09-20,https://www.28hse.com/en/estate/detail/city-one-shatin-4080/history/stateno-2/blockno-16,
166,2,16,F,21,451,7200000,15965,2019-03-07,https://www.28hse.com/en/estate/detail/city-one-shatin-4080/history/stateno-2/blockno-16,
167,2,16,B,20,451,5538000,12279,2024-06-25,https://www.28hse.com/en/estate/detail/city-one-shatin-4080/history/stateno-2/blockno-16,
168,2,16,C,20,327,5280000,16147,2019-11-12,https://www.28hse.com/en/estate/detail/city-one-shatin-4080/history/stateno-2/blockno-16,
169,2,16,D,20,327,4430000,13547,2024-01-24,https://www.28hse.com/en/estate/detail/city-one-shatin-4080/history/stateno-2/blockno-16,
170,2,16,F,20,451,7200000,15965,2022-02-22,https://www.28hse.com/en/estate/detail/city-one-shatin-4080/history/stateno-2/blockno-16,
171,2,16,G,20,327,5300000,16208,2022-11-28,https://www.28hse.com/en/estate/detail/city-one-shatin-4080/history/stateno-2/blockno-16,
172,2,16,C,19,327,4250000,12997,2024-10-24,https://www.28hse.com/en/estate/detail/city-one-shatin-4080/history/stateno-2/blockno-16,
173,2,16,E,19,451,3000000,6652,2019-05-22,https://www.28hse.com/en/estate/detail/city-one-shatin-4080/history/stateno-2/blockno-16,
174,2,16,G,19,327,4480000,13700,2025-10-08,https://www.28hse.com/en/estate/detail/city-one-shatin-4080/history/stateno-2/blockno-16,
175,2,16,E,18,451,6400000,14191,2023-01-12,https://www.28hse.com/en/estate/detail/city-one-shatin-4080/history/stateno-2/blockno-16,
176,2,16,B,17,451,5500000,12195,2025-11-25,https://www.28hse.com/en/estate/detail/city-one-shatin-4080/history/stateno-2/blockno-16,
177,2,16,D,17,327,6000000,18349,2019-11-21,https://www.28hse.com/en/estate/detail/city-one-shatin-4080/history/stateno-2/blockno-16,
178,2,16,G,17,327,5850000,17890,2020-02-05,https://www.28hse.com/en/estate/detail/city-one-shatin-4080/history/stateno-2/blockno-16,
179,2,16,E,16,451,4830000,10710,2025-03-24,https://www.28hse.com/en/estate/detail/city-one-shatin-4080/history/stateno-2/blockno-16,
180,2,16,H,15,327,4468000,13664,2025-11-19,https://www.28hse.com/en/estate/detail/city-one-shatin-4080/history/stateno-2/blockno-16,
181,2,16,C,14,327,5500000,16820,2021-01-14,https://www.28hse.com/en/estate/detail/city-one-shatin-4080/history/stateno-2/blockno-16,
182,2,16,D,14,327,4420000,13517,2026-02-13,https://www.28hse.com/en/estate/detail/city-one-shatin-4080/history/stateno-2/blockno-16,
183,2,16,E,14,451,5800000,12860,2025-11-07,https://www.28hse.com/en/estate/detail/city-one-shatin-4080/history/stateno-2/blockno-16,
184,2,16,F,14,451,6100000,13525,2024-12-03,https://www.28hse.com/en/estate/detail/city-one-shatin-4080/history/stateno-2/blockno-16,
185,2,16,D,13,327,5200000,15902,2023-02-23,https://www.28hse.com/en/estate/detail/city-one-shatin-4080/history/stateno-2/blockno-16,
186,2,16,E,13,451,7150000,15854,2022-02-09,https://www.28hse.com/en/estate/detail/city-one-shatin-4080/history/stateno-2/blockno-16,
187,2,16,G,13,327,5620000,17187,2018-04-23,https://www.28hse.com/en/estate/detail/city-one-shatin-4080/history/stateno-2/blockno-16,
188,2,16,B,12,451,7300000,16186,2020-06-12,https://www.28hse.com/en/estate/detail/city-one-shatin-4080/history/stateno-2/blockno-16,
189,2,16,D,11,327,5700000,17431,2020-06-03,https://www.28hse.com/en/estate/detail/city-one-shatin-4080/history/stateno-2/blockno-16,
190,2,16,G,11,327,6110000,18685,2021-07-05,https://www.28hse.com/en/estate/detail/city-one-shatin-4080/history/stateno-2/blockno-16,
191,2,16,H,11,327,4100000,12538,2024-07-22,https://www.28hse.com/en/estate/detail/city-one-shatin-4080/history/stateno-2/blockno-16,
192,2,16,D,10,327,6000000,18349,2021-12-29,https://www.28hse.com/en/estate/detail/city-one-shatin-4080/history/stateno-2/blockno-16,
193,2,16,G,10,327,5280000,16147,2018-01-09,https://www.28hse.com/en/estate/detail/city-one-shatin-4080/history/stateno-2/blockno-16,
194,2,16,H,10,327,5960000,18226,2022-02-24,https://www.28hse.com/en/estate/detail/city-one-shatin-4080/history/stateno-2/blockno-16,
195,2,16,A,9,451,6130000,13592,2026-04-08,https://www.28hse.com/en/estate/detail/city-one-shatin-4080/history/stateno-2/blockno-16,
196,2,16,B,9,451,7220000,16009,2020-05-22,https://www.28hse.com/en/estate/detail/city-one-shatin-4080/history/stateno-2/blockno-16,
197,2,16,C,9,327,5510000,16850,2020-02-12,https://www.28hse.com/en/estate/detail/city-one-shatin-4080/history/stateno-2/blockno-16,
198,2,16,H,9,327,4400000,13456,2026-01-21,https://www.28hse.com/en/estate/detail/city-one-shatin-4080/history/stateno-2/blockno-16,
199,2,16,A,8,451,7360000,16319,2018-06-06,https://www.28hse.com/en/estate/detail/city-one-shatin-4080/history/stateno-2/blockno-16,
200,2,16,G,8,327,4280000,13089,2024-10-23,https://www.28hse.com/en/estate/detail/city-one-shatin-4080/history/stateno-2/blockno-16,
201,2,16,H,8,327,4680000,14312,2026-06-05,https://www.28hse.com/en/estate/detail/city-one-shatin-4080/history/stateno-2/blockno-16,
202,2,16,B,7,451,5160000,11441,2024-09-27,https://www.28hse.com/en/estate/detail/city-one-shatin-4080/history/stateno-2/blockno-16,
203,2,16,F,7,451,6000000,13304,2026-03-11,https://www.28hse.com/en/estate/detail/city-one-shatin-4080/history/stateno-2/blockno-16,
204,2,16,H,7,327,4630000,14159,2022-10-21,https://www.28hse.com/en/estate/detail/city-one-shatin-4080/history/stateno-2/blockno-16,
205,2,16,A,6,451,6050000,13415,2023-01-11,https://www.28hse.com/en/estate/detail/city-one-shatin-4080/history/stateno-2/blockno-16,
206,2,16,D,6,327,5400000,16514,2022-06-08,https://www.28hse.com/en/estate/detail/city-one-shatin-4080/history/stateno-2/blockno-16,
207,2,16,F,6,451,7000000,15521,2020-09-11,https://www.28hse.com/en/estate/detail/city-one-shatin-4080/history/stateno-2/blockno-16,
208,2,16,G,6,327,4350000,13303,2025-12-11,https://www.28hse.com/en/estate/detail/city-one-shatin-4080/history/stateno-2/blockno-16,
209,2,16,H,6,327,5650000,17278,2020-03-19,https://www.28hse.com/en/estate/detail/city-one-shatin-4080/history/stateno-2/blockno-16,
210,2,16,C,5,327,5700000,17431,2022-01-21,https://www.28hse.com/en/estate/detail/city-one-shatin-4080/history/stateno-2/blockno-16,
211,2,16,A,4,451,6500000,14412,2021-12-01,https://www.28hse.com/en/estate/detail/city-one-shatin-4080/history/stateno-2/blockno-16,
212,2,16,D,4,327,5100000,15596,2022-06-08,https://www.28hse.com/en/estate/detail/city-one-shatin-4080/history/stateno-2/blockno-16,
213,2,16,F,4,451,6080000,13481,2021-02-11,https://www.28hse.com/en/estate/detail/city-one-shatin-4080/history/stateno-2/blockno-16,
214,2,16,A,3,451,6280000,13925,2022-09-28,https://www.28hse.com/en/estate/detail/city-one-shatin-4080/history/stateno-2/blockno-16,
215,2,16,B,3,451,6000000,13304,2021-04-08,https://www.28hse.com/en/estate/detail/city-one-shatin-4080/history/stateno-2/blockno-16,
216,2,16,C,3,327,3900000,11927,2024-09-13,https://www.28hse.com/en/estate/detail/city-one-shatin-4080/history/stateno-2/blockno-16,
217,2,16,G,2,327,5200000,15902,2020-02-18,https://www.28hse.com/en/estate/detail/city-one-shatin-4080/history/stateno-2/blockno-16,
218,2,16,D,1,327,4050000,12385,2025-07-15,https://www.28hse.com/en/estate/detail/city-one-shatin-4080/history/stateno-2/blockno-16,
219,2,16,E,1,451,5380000,11929,2026-02-13,https://www.28hse.com/en/estate/detail/city-one-shatin-4080/history/stateno-2/blockno-16,
220,3,29,A,29,451,8050000,17849,2020-06-03,https://www.28hse.com/en/estate/detail/city-one-shatin-4080/history/stateno-3/blockno-29,
221,3,29,D,29,327,5700000,17431,2018-04-18,https://www.28hse.com/en/estate/detail/city-one-shatin-4080/history/stateno-3/blockno-29,
222,3,29,E,29,451,7850000,17406,2021-06-18,https://www.28hse.com/en/estate/detail/city-one-shatin-4080/history/stateno-3/blockno-29,
223,3,29,H,29,327,5750000,17584,2020-03-24,https://www.28hse.com/en/estate/detail/city-one-shatin-4080/history/stateno-3/blockno-29,
224,3,29,A,28,451,5700000,12639,2024-09-09,https://www.28hse.com/en/estate/detail/city-one-shatin-4080/history/stateno-3/blockno-29,
225,3,29,H,28,327,6280000,19205,2022-02-17,https://www.28hse.com/en/estate/detail/city-one-shatin-4080/history/stateno-3/blockno-29,
226,3,29,A,27,451,6230000,13814,2025-11-04,https://www.28hse.com/en/estate/detail/city-one-shatin-4080/history/stateno-3/blockno-29,
227,3,29,H,27,327,5580000,17064,2019-10-08,https://www.28hse.com/en/estate/detail/city-one-shatin-4080/history/stateno-3/blockno-29,
228,3,29,C,26,327,5220000,15963,2023-03-03,https://www.28hse.com/en/estate/detail/city-one-shatin-4080/history/stateno-3/blockno-29,
229,3,29,A,25,451,7550000,16741,2020-12-03,https://www.28hse.com/en/estate/detail/city-one-shatin-4080/history/stateno-3/blockno-29,
230,3,29,B,24,451,7620000,16896,2018-05-28,https://www.28hse.com/en/estate/detail/city-one-shatin-4080/history/stateno-3/blockno-29,
231,3,29,F,24,451,6700000,14856,2022-10-17,https://www.28hse.com/en/estate/detail/city-one-shatin-4080/history/stateno-3/blockno-29,
232,3,29,H,24,327,5000000,15291,2018-08-09,https://www.28hse.com/en/estate/detail/city-one-shatin-4080/history/stateno-3/blockno-29,
233,3,29,F,23,451,7100000,15743,2020-08-03,https://www.28hse.com/en/estate/detail/city-one-shatin-4080/history/stateno-3/blockno-29,
234,3,29,B,22,451,7780000,17251,2021-09-06,https://www.28hse.com/en/estate/detail/city-one-shatin-4080/history/stateno-3/blockno-29,
235,3,29,C,22,327,5300000,16208,2019-10-16,https://www.28hse.com/en/estate/detail/city-one-shatin-4080/history/stateno-3/blockno-29,
236,3,29,F,22,451,7700000,17073,2021-05-28,https://www.28hse.com/en/estate/detail/city-one-shatin-4080/history/stateno-3/blockno-29,
237,3,29,A,20,451,6430000,14257,2022-10-19,https://www.28hse.com/en/estate/detail/city-one-shatin-4080/history/stateno-3/blockno-29,
238,3,29,B,20,451,4800000,10643,2026-03-06,https://www.28hse.com/en/estate/detail/city-one-shatin-4080/history/stateno-3/blockno-29,
239,3,29,C,19,327,5210000,15933,2021-11-03,https://www.28hse.com/en/estate/detail/city-one-shatin-4080/history/stateno-3/blockno-29,
240,3,29,F,19,451,5000000,11086,2025-04-08,https://www.28hse.com/en/estate/detail/city-one-shatin-4080/history/stateno-3/blockno-29,
241,3,29,H,19,327,5550000,16972,2019-03-07,https://www.28hse.com/en/estate/detail/city-one-shatin-4080/history/stateno-3/blockno-29,
242,3,29,D,17,327,5680000,17370,2020-07-13,https://www.28hse.com/en/estate/detail/city-one-shatin-4080/history/stateno-3/blockno-29,
243,3,29,D,16,327,4980000,15229,2022-11-18,https://www.28hse.com/en/estate/detail/city-one-shatin-4080/history/stateno-3/blockno-29,
244,3,29,H,14,327,4200000,12844,2024-02-02,https://www.28hse.com/en/estate/detail/city-one-shatin-4080/history/stateno-3/blockno-29,
245,3,29,C,13,327,5380000,16453,2023-03-23,https://www.28hse.com/en/estate/detail/city-one-shatin-4080/history/stateno-3/blockno-29,
246,3,29,D,13,327,3750000,11468,2024-09-17,https://www.28hse.com/en/estate/detail/city-one-shatin-4080/history/stateno-3/blockno-29,
247,3,29,G,13,327,4200000,12844,2024-01-29,https://www.28hse.com/en/estate/detail/city-one-shatin-4080/history/stateno-3/blockno-29,
248,3,29,B,11,451,6000000,13304,2024-04-12,https://www.28hse.com/en/estate/detail/city-one-shatin-4080/history/stateno-3/blockno-29,
249,3,29,C,11,327,6080000,18593,2021-06-18,https://www.28hse.com/en/estate/detail/city-one-shatin-4080/history/stateno-3/blockno-29,
250,3,29,D,11,327,5150000,15749,2022-12-01,https://www.28hse.com/en/estate/detail/city-one-shatin-4080/history/stateno-3/blockno-29,
251,3,29,A,10,451,6680000,14812,2022-10-05,https://www.28hse.com/en/estate/detail/city-one-shatin-4080/history/stateno-3/blockno-29,
252,3,29,G,10,327,5600000,17125,2021-04-07,https://www.28hse.com/en/estate/detail/city-one-shatin-4080/history/stateno-3/blockno-29,
253,3,29,B,9,451,7820000,17339,2018-08-03,https://www.28hse.com/en/estate/detail/city-one-shatin-4080/history/stateno-3/blockno-29,
254,3,29,C,9,327,4190000,12813,2025-07-31,https://www.28hse.com/en/estate/detail/city-one-shatin-4080/history/stateno-3/blockno-29,
255,3,29,F,9,451,7280000,16142,2020-10-15,https://www.28hse.com/en/estate/detail/city-one-shatin-4080/history/stateno-3/blockno-29,
256,3,29,G,9,327,5800000,17737,2021-06-07,https://www.28hse.com/en/estate/detail/city-one-shatin-4080/history/stateno-3/blockno-29,
257,3,29,G,8,327,4198000,12838,2024-10-17,https://www.28hse.com/en/estate/detail/city-one-shatin-4080/history/stateno-3/blockno-29,
258,3,29,B,7,451,5830000,12927,2023-09-04,https://www.28hse.com/en/estate/detail/city-one-shatin-4080/history/stateno-3/blockno-29,
259,3,29,G,6,327,6080000,18593,2021-10-26,https://www.28hse.com/en/estate/detail/city-one-shatin-4080/history/stateno-3/blockno-29,
260,3,29,D,5,327,5900000,18043,2021-09-21,https://www.28hse.com/en/estate/detail/city-one-shatin-4080/history/stateno-3/blockno-29,
261,3,29,E,5,451,7080000,15698,2020-05-15,https://www.28hse.com/en/estate/detail/city-one-shatin-4080/history/stateno-3/blockno-29,
262,3,29,F,5,451,7250000,16075,2020-09-08,https://www.28hse.com/en/estate/detail/city-one-shatin-4080/history/stateno-3/blockno-29,
263,3,29,A,4,451,6800000,15078,2019-06-24,https://www.28hse.com/en/estate/detail/city-one-shatin-4080/history/stateno-3/blockno-29,
264,3,29,B,4,451,6280000,13925,2023-03-10,https://www.28hse.com/en/estate/detail/city-one-shatin-4080/history/stateno-3/blockno-29,
265,3,29,D,4,327,5500000,16820,2020-09-25,https://www.28hse.com/en/estate/detail/city-one-shatin-4080/history/stateno-3/blockno-29,
266,3,29,D,3,327,4720000,14434,2018-01-12,https://www.28hse.com/en/estate/detail/city-one-shatin-4080/history/stateno-3/blockno-29,
267,3,29,A,2,451,5968000,13233,2023-02-15,https://www.28hse.com/en/estate/detail/city-one-shatin-4080/history/stateno-3/blockno-29,
268,3,29,B,2,451,6668000,14785,2021-10-08,https://www.28hse.com/en/estate/detail/city-one-shatin-4080/history/stateno-3/blockno-29,
269,3,29,D,2,327,3980000,12171,2025-11-11,https://www.28hse.com/en/estate/detail/city-one-shatin-4080/history/stateno-3/blockno-29,
270,3,29,E,2,451,6210000,13769,2022-08-01,https://www.28hse.com/en/estate/detail/city-one-shatin-4080/history/stateno-3/blockno-29,
271,3,29,G,2,327,4750000,14526,2022-11-08,https://www.28hse.com/en/estate/detail/city-one-shatin-4080/history/stateno-3/blockno-29,
272,3,29,A,1,451,2000000,4435,2018-06-05,https://www.28hse.com/en/estate/detail/city-one-shatin-4080/history/stateno-3/blockno-29,
273,3,29,B,1,451,5000000,11086,2024-03-18,https://www.28hse.com/en/estate/detail/city-one-shatin-4080/history/stateno-3/blockno-29,
274,3,29,C,1,327,5618000,17180,2021-07-20,https://www.28hse.com/en/estate/detail/city-one-shatin-4080/history/stateno-3/blockno-29,
275,3,30,F,30,451,6220000,13792,2024-08-21,https://www.28hse.com/en/estate/detail/city-one-shatin-4080/history/stateno-3/blockno-30,
276,3,30,C,29,327,5300000,16208,2018-02-02,https://www.28hse.com/en/estate/detail/city-one-shatin-4080/history/stateno-3/blockno-30,
277,3,30,D,28,327,4250000,12997,2024-10-28,https://www.28hse.com/en/estate/detail/city-one-shatin-4080/history/stateno-3/blockno-30,
278,3,30,H,28,327,5910000,18073,2020-02-13,https://www.28hse.com/en/estate/detail/city-one-shatin-4080/history/stateno-3/blockno-30,
279,3,30,B,27,451,7750000,17184,2021-01-12,https://www.28hse.com/en/estate/detail/city-one-shatin-4080/history/stateno-3/blockno-30,
280,3,30,C,27,327,5500000,16820,2019-04-12,https://www.28hse.com/en/estate/detail/city-one-shatin-4080/history/stateno-3/blockno-30,
281,3,30,D,27,327,5960000,18226,2020-08-17,https://www.28hse.com/en/estate/detail/city-one-shatin-4080/history/stateno-3/blockno-30,
282,3,30,G,27,327,5400000,16514,2018-06-19,https://www.28hse.com/en/estate/detail/city-one-shatin-4080/history/stateno-3/blockno-30,
283,3,30,G,25,327,3850000,11774,2025-05-21,https://www.28hse.com/en/estate/detail/city-one-shatin-4080/history/stateno-3/blockno-30,
284,3,30,H,24,327,4300000,13150,2023-10-30,https://www.28hse.com/en/estate/detail/city-one-shatin-4080/history/stateno-3/blockno-30,
285,3,30,B,23,451,5350000,11863,2025-04-08,https://www.28hse.com/en/estate/detail/city-one-shatin-4080/history/stateno-3/blockno-30,
286,3,30,F,23,451,7680000,17029,2020-04-23,https://www.28hse.com/en/estate/detail/city-one-shatin-4080/history/stateno-3/blockno-30,
287,3,30,H,23,327,4900000,14985,2023-09-12,https://www.28hse.com/en/estate/detail/city-one-shatin-4080/history/stateno-3/blockno-30,
288,3,30,D,22,327,5650000,17278,2020-09-17,https://www.28hse.com/en/estate/detail/city-one-shatin-4080/history/stateno-3/blockno-30,
289,3,30,E,22,451,5650000,12528,2023-12-15,https://www.28hse.com/en/estate/detail/city-one-shatin-4080/history/stateno-3/blockno-30,
290,3,30,G,22,327,4688000,14336,2024-01-19,https://www.28hse.com/en/estate/detail/city-one-shatin-4080/history/stateno-3/blockno-30,
291,3,30,C,21,327,4689000,14339,2026-06-29,https://www.28hse.com/en/estate/detail/city-one-shatin-4080/history/stateno-3/blockno-30,
292,3,30,C,20,327,2300000,7034,2024-10-14,https://www.28hse.com/en/estate/detail/city-one-shatin-4080/history/stateno-3/blockno-30,
293,3,30,E,20,451,6500000,14412,2026-08-19,https://www.28hse.com/en/estate/detail/city-one-shatin-4080/history/stateno-3/blockno-30,
294,3,30,B,19,451,5000000,11086,2025-03-31,https://www.28hse.com/en/estate/detail/city-one-shatin-4080/history/stateno-3/blockno-30,
295,3,30,G,18,327,4950000,15138,2022-12-08,https://www.28hse.com/en/estate/detail/city-one-shatin-4080/history/stateno-3/blockno-30,
296,3,30,A,17,451,7000000,15521,2022-06-30,https://www.28hse.com/en/estate/detail/city-one-shatin-4080/history/stateno-3/blockno-30,
297,3,30,G,17,327,5900000,18043,2018-06-07,https://www.28hse.com/en/estate/detail/city-one-shatin-4080/history/stateno-3/blockno-30,
298,3,30,H,17,327,3500000,10703,2024-10-22,https://www.28hse.com/en/estate/detail/city-one-shatin-4080/history/stateno-3/blockno-30,
299,3,30,B,16,451,7250000,16075,2022-06-16,https://www.28hse.com/en/estate/detail/city-one-shatin-4080/history/stateno-3/blockno-30,
300,3,30,C,16,327,4310000,13180,2025-10-08,https://www.28hse.com/en/estate/detail/city-one-shatin-4080/history/stateno-3/blockno-30,
301,3,30,A,15,451,2980000,6608,2024-07-18,https://www.28hse.com/en/estate/detail/city-one-shatin-4080/history/stateno-3/blockno-30,
302,3,30,B,15,451,7280000,16142,2020-04-20,https://www.28hse.com/en/estate/detail/city-one-shatin-4080/history/stateno-3/blockno-30,
303,3,30,C,15,327,5300000,16208,2018-02-22,https://www.28hse.com/en/estate/detail/city-one-shatin-4080/history/stateno-3/blockno-30,
304,3,30,H,15,327,5730000,17523,2021-12-09,https://www.28hse.com/en/estate/detail/city-one-shatin-4080/history/stateno-3/blockno-30,
305,3,30,C,14,327,4920000,15046,2026-06-24,https://www.28hse.com/en/estate/detail/city-one-shatin-4080/history/stateno-3/blockno-30,
306,3,30,G,14,327,5780000,17676,2020-07-29,https://www.28hse.com/en/estate/detail/city-one-shatin-4080/history/stateno-3/blockno-30,
307,3,30,A,13,451,5900000,13082,2023-09-25,https://www.28hse.com/en/estate/detail/city-one-shatin-4080/history/stateno-3/blockno-30,
308,3,30,F,13,451,7280000,16142,2020-11-24,https://www.28hse.com/en/estate/detail/city-one-shatin-4080/history/stateno-3/blockno-30,
309,3,30,H,13,327,4260000,13028,2023-11-21,https://www.28hse.com/en/estate/detail/city-one-shatin-4080/history/stateno-3/blockno-30,
310,3,30,D,12,327,5500000,16820,2020-10-12,https://www.28hse.com/en/estate/detail/city-one-shatin-4080/history/stateno-3/blockno-30,
311,3,30,E,12,451,986000,2186,2022-11-07,https://www.28hse.com/en/estate/detail/city-one-shatin-4080/history/stateno-3/blockno-30,
312,3,30,A,11,451,5880000,13038,2023-10-25,https://www.28hse.com/en/estate/detail/city-one-shatin-4080/history/stateno-3/blockno-30,
313,3,30,C,9,327,4200000,12844,2025-10-31,https://www.28hse.com/en/estate/detail/city-one-shatin-4080/history/stateno-3/blockno-30,
314,3,30,E,9,451,6000000,13304,2019-02-15,https://www.28hse.com/en/estate/detail/city-one-shatin-4080/history/stateno-3/blockno-30,
315,3,30,F,9,451,5400000,11973,2023-03-03,https://www.28hse.com/en/estate/detail/city-one-shatin-4080/history/stateno-3/blockno-30,
316,3,30,H,9,327,3980000,12171,2025-06-19,https://www.28hse.com/en/estate/detail/city-one-shatin-4080/history/stateno-3/blockno-30,
317,3,30,F,7,451,3250000,7206,2021-11-01,https://www.28hse.com/en/estate/detail/city-one-shatin-4080/history/stateno-3/blockno-30,
318,3,30,G,7,327,5300000,16208,2021-04-08,https://www.28hse.com/en/estate/detail/city-one-shatin-4080/history/stateno-3/blockno-30,
319,3,30,H,7,327,4100000,12538,2023-11-01,https://www.28hse.com/en/estate/detail/city-one-shatin-4080/history/stateno-3/blockno-30,
320,3,30,A,6,451,6930000,15366,2022-04-29,https://www.28hse.com/en/estate/detail/city-one-shatin-4080/history/stateno-3/blockno-30,
321,3,30,B,6,451,5325000,11807,2025-02-14,https://www.28hse.com/en/estate/detail/city-one-shatin-4080/history/stateno-3/blockno-30,
322,3,30,D,6,327,5000000,15291,2025-09-10,https://www.28hse.com/en/estate/detail/city-one-shatin-4080/history/stateno-3/blockno-30,
323,3,30,B,5,451,6550000,14523,2023-05-15,https://www.28hse.com/en/estate/detail/city-one-shatin-4080/history/stateno-3/blockno-30,
324,3,30,D,5,327,4880000,14924,2018-01-04,https://www.28hse.com/en/estate/detail/city-one-shatin-4080/history/stateno-3/blockno-30,
325,3,30,E,5,451,6600000,14634,2019-09-13,https://www.28hse.com/en/estate/detail/city-one-shatin-4080/history/stateno-3/blockno-30,
326,3,30,G,5,327,4600000,14067,2018-05-28,https://www.28hse.com/en/estate/detail/city-one-shatin-4080/history/stateno-3/blockno-30,
327,3,30,H,5,327,5200000,15902,2022-04-11,https://www.28hse.com/en/estate/detail/city-one-shatin-4080/history/stateno-3/blockno-30,
328,3,30,E,4,451,6750000,14967,2021-01-27,https://www.28hse.com/en/estate/detail/city-one-shatin-4080/history/stateno-3/blockno-30,
329,3,30,G,4,327,5650000,17278,2020-05-28,https://www.28hse.com/en/estate/detail/city-one-shatin-4080/history/stateno-3/blockno-30,
330,3,30,C,3,327,5360000,16391,2018-03-05,https://www.28hse.com/en/estate/detail/city-one-shatin-4080/history/stateno-3/blockno-30,
331,3,30,D,3,327,3700000,11315,2025-04-10,https://www.28hse.com/en/estate/detail/city-one-shatin-4080/history/stateno-3/blockno-30,
332,3,30,C,2,327,3973000,12150,2024-08-08,https://www.28hse.com/en/estate/detail/city-one-shatin-4080/history/stateno-3/blockno-30,
333,3,30,E,1,451,6630000,14701,2020-10-27,https://www.28hse.com/en/estate/detail/city-one-shatin-4080/history/stateno-3/blockno-30,
334,4,37,F,32,284,1600000,5634,2025-01-23,https://www.28hse.com/en/estate/detail/city-one-shatin-4080/history/stateno-4/blockno-37,
335,4,37,H,32,304,4900000,16118,2026-06-24,https://www.28hse.com/en/estate/detail/city-one-shatin-4080/history/stateno-4/blockno-37,
336,4,37,C,31,304,5950000,19572,2019-09-19,https://www.28hse.com/en/estate/detail/city-one-shatin-4080/history/stateno-4/blockno-37,
337,4,37,E,31,284,4800000,16901,2023-06-15,https://www.28hse.com/en/estate/detail/city-one-shatin-4080/history/stateno-4/blockno-37,
338,4,37,C,30,304,5800000,19079,2020-06-23,https://www.28hse.com/en/estate/detail/city-one-shatin-4080/history/stateno-4/blockno-37,
339,4,37,D,30,304,5350000,17599,2019-10-30,https://www.28hse.com/en/estate/detail/city-one-shatin-4080/history/stateno-4/blockno-37,
340,4,37,D,29,304,4150000,13651,2024-12-02,https://www.28hse.com/en/estate/detail/city-one-shatin-4080/history/stateno-4/blockno-37,
341,4,37,F,29,284,5020000,17676,2019-03-13,https://www.28hse.com/en/estate/detail/city-one-shatin-4080/history/stateno-4/blockno-37,
342,4,37,H,29,304,4800000,15789,2022-10-31,https://www.28hse.com/en/estate/detail/city-one-shatin-4080/history/stateno-4/blockno-37,
343,4,37,C,28,304,4168000,13711,2024-12-03,https://www.28hse.com/en/estate/detail/city-one-shatin-4080/history/stateno-4/blockno-37,
344,4,37,D,28,304,5850000,19243,2021-09-07,https://www.28hse.com/en/estate/detail/city-one-shatin-4080/history/stateno-4/blockno-37,
345,4,37,E,28,284,4500000,15845,2026-05-06,https://www.28hse.com/en/estate/detail/city-one-shatin-4080/history/stateno-4/blockno-37,
346,4,37,C,27,304,5420000,17829,2018-03-06,https://www.28hse.com/en/estate/detail/city-one-shatin-4080/history/stateno-4/blockno-37,
347,4,37,B,26,284,5600000,19718,2021-02-26,https://www.28hse.com/en/estate/detail/city-one-shatin-4080/history/stateno-4/blockno-37,
348,4,37,D,26,304,3800000,12500,2025-06-17,https://www.28hse.com/en/estate/detail/city-one-shatin-4080/history/stateno-4/blockno-37,
349,4,37,E,26,284,5540000,19507,2022-01-21,https://www.28hse.com/en/estate/detail/city-one-shatin-4080/history/stateno-4/blockno-37,
350,4,37,H,26,304,5600000,18421,2021-03-17,https://www.28hse.com/en/estate/detail/city-one-shatin-4080/history/stateno-4/blockno-37,
351,4,37,E,25,284,5450000,19190,2020-07-10,https://www.28hse.com/en/estate/detail/city-one-shatin-4080/history/stateno-4/blockno-37,
352,4,37,H,25,304,5290000,17401,2020-10-08,https://www.28hse.com/en/estate/detail/city-one-shatin-4080/history/stateno-4/blockno-37,
353,4,37,E,24,284,3920000,13803,2025-07-23,https://www.28hse.com/en/estate/detail/city-one-shatin-4080/history/stateno-4/blockno-37,
354,4,37,B,23,284,5700000,20070,2020-06-04,https://www.28hse.com/en/estate/detail/city-one-shatin-4080/history/stateno-4/blockno-37,
355,4,37,C,23,304,4800000,15789,2022-11-07,https://www.28hse.com/en/estate/detail/city-one-shatin-4080/history/stateno-4/blockno-37,
356,4,37,E,23,284,4268000,15028,2026-02-09,https://www.28hse.com/en/estate/detail/city-one-shatin-4080/history/stateno-4/blockno-37,
357,4,37,G,23,304,5900000,19408,2019-08-21,https://www.28hse.com/en/estate/detail/city-one-shatin-4080/history/stateno-4/blockno-37,
358,4,37,H,23,304,5200000,17105,2020-02-26,https://www.28hse.com/en/estate/detail/city-one-shatin-4080/history/stateno-4/blockno-37,
359,4,37,C,22,304,2000000,6579,2021-06-29,https://www.28hse.com/en/estate/detail/city-one-shatin-4080/history/stateno-4/blockno-37,
360,4,37,G,22,304,4690000,15428,2026-05-19,https://www.28hse.com/en/estate/detail/city-one-shatin-4080/history/stateno-4/blockno-37,
361,4,37,A,21,284,4820000,16972,2018-01-08,https://www.28hse.com/en/estate/detail/city-one-shatin-4080/history/stateno-4/blockno-37,
362,4,37,B,21,284,5180000,18239,2018-04-24,https://www.28hse.com/en/estate/detail/city-one-shatin-4080/history/stateno-4/blockno-37,
363,4,37,E,21,284,4000000,14085,2025-08-12,https://www.28hse.com/en/estate/detail/city-one-shatin-4080/history/stateno-4/blockno-37,
364,4,37,H,21,304,3750000,12336,2020-03-02,https://www.28hse.com/en/estate/detail/city-one-shatin-4080/history/stateno-4/blockno-37,
365,4,37,C,20,304,4410000,14507,2024-06-18,https://www.28hse.com/en/estate/detail/city-one-shatin-4080/history/stateno-4/blockno-37,
366,4,37,F,20,284,896000,3155,2018-10-30,https://www.28hse.com/en/estate/detail/city-one-shatin-4080/history/stateno-4/blockno-37,
367,4,37,H,20,304,4580000,15066,2023-01-18,https://www.28hse.com/en/estate/detail/city-one-shatin-4080/history/stateno-4/blockno-37,
368,4,37,B,19,284,5200000,18310,2020-08-20,https://www.28hse.com/en/estate/detail/city-one-shatin-4080/history/stateno-4/blockno-37,
369,4,37,D,19,304,5750000,18914,2022-04-22,https://www.28hse.com/en/estate/detail/city-one-shatin-4080/history/stateno-4/blockno-37,
370,4,37,H,19,304,5650000,18586,2021-03-18,https://www.28hse.com/en/estate/detail/city-one-shatin-4080/history/stateno-4/blockno-37,
371,4,37,A,18,284,5680000,20000,2021-09-24,https://www.28hse.com/en/estate/detail/city-one-shatin-4080/history/stateno-4/blockno-37,
372,4,37,B,18,284,4800000,16901,2019-03-14,https://www.28hse.com/en/estate/detail/city-one-shatin-4080/history/stateno-4/blockno-37,
373,4,37,C,18,304,3700000,12171,2024-05-14,https://www.28hse.com/en/estate/detail/city-one-shatin-4080/history/stateno-4/blockno-37,
374,4,37,D,18,304,5600000,18421,2018-09-03,https://www.28hse.com/en/estate/detail/city-one-shatin-4080/history/stateno-4/blockno-37,
375,4,37,E,18,284,4000000,14085,2026-02-26,https://www.28hse.com/en/estate/detail/city-one-shatin-4080/history/stateno-4/blockno-37,
376,4,37,G,18,304,5690000,18717,2021-11-22,https://www.28hse.com/en/estate/detail/city-one-shatin-4080/history/stateno-4/blockno-37,
377,4,37,A,17,284,5250000,18486,2022-02-04,https://www.28hse.com/en/estate/detail/city-one-shatin-4080/history/stateno-4/blockno-37,
378,4,37,F,17,284,5510000,19401,2021-09-08,https://www.28hse.com/en/estate/detail/city-one-shatin-4080/history/stateno-4/blockno-37,
379,4,37,B,16,284,4150000,14613,2025-04-25,https://www.28hse.com/en/estate/detail/city-one-shatin-4080/history/stateno-4/blockno-37,
380,4,37,D,16,304,5180000,17039,2023-02-15,https://www.28hse.com/en/estate/detail/city-one-shatin-4080/history/stateno-4/blockno-37,
381,4,37,A,15,284,5450000,19190,2021-05-26,https://www.28hse.com/en/estate/detail/city-one-shatin-4080/history/stateno-4/blockno-37,
382,4,37,C,15,304,5490000,18059,2020-09-14,https://www.28hse.com/en/estate/detail/city-one-shatin-4080/history/stateno-4/blockno-37,
383,4,37,G,15,304,4238000,13941,2024-05-02,https://www.28hse.com/en/estate/detail/city-one-shatin-4080/history/stateno-4/blockno-37,
384,4,37,B,14,284,4550000,16021,2026-05-26,https://www.28hse.com/en/estate/detail/city-one-shatin-4080/history/stateno-4/blockno-37,
385,4,37,D,14,304,5600000,18421,2019-06-25,https://www.28hse.com/en/estate/detail/city-one-shatin-4080/history/stateno-4/blockno-37,
386,4,37,G,14,304,5500000,18092,2021-04-16,https://www.28hse.com/en/estate/detail/city-one-shatin-4080/history/stateno-4/blockno-37,
387,4,37,H,14,304,4395000,14457,2026-02-24,https://www.28hse.com/en/estate/detail/city-one-shatin-4080/history/stateno-4/blockno-37,
388,4,37,A,13,284,4560000,16056,2026-08-20,https://www.28hse.com/en/estate/detail/city-one-shatin-4080/history/stateno-4/blockno-37,
389,4,37,D,13,304,5120000,16842,2022-09-16,https://www.28hse.com/en/estate/detail/city-one-shatin-4080/history/stateno-4/blockno-37,
390,4,37,F,13,284,4340000,15282,2024-07-31,https://www.28hse.com/en/estate/detail/city-one-shatin-4080/history/stateno-4/blockno-37,
391,4,37,H,13,304,4068000,13382,2024-09-27,https://www.28hse.com/en/estate/detail/city-one-shatin-4080/history/stateno-4/blockno-37,
392,4,37,A,12,284,5330000,18768,2018-05-11,https://www.28hse.com/en/estate/detail/city-one-shatin-4080/history/stateno-4/blockno-37,
393,4,37,D,12,304,4418000,14533,2026-03-02,https://www.28hse.com/en/estate/detail/city-one-shatin-4080/history/stateno-4/blockno-37,
394,4,37,E,12,284,5260000,18521,2020-02-17,https://www.28hse.com/en/estate/detail/city-one-shatin-4080/history/stateno-4/blockno-37,
395,4,37,A,11,284,4860000,17113,2018-02-08,https://www.28hse.com/en/estate/detail/city-one-shatin-4080/history/stateno-4/blockno-37,
396,4,37,C,11,304,5700000,18750,2020-12-10,https://www.28hse.com/en/estate/detail/city-one-shatin-4080/history/stateno-4/blockno-37,
397,4,37,D,11,304,4180000,13750,2023-11-29,https://www.28hse.com/en/estate/detail/city-one-shatin-4080/history/stateno-4/blockno-37,
398,4,37,E,11,284,5100000,17958,2020-09-17,https://www.28hse.com/en/estate/detail/city-one-shatin-4080/history/stateno-4/blockno-37,
399,4,37,F,11,284,3820000,13451,2025-10-02,https://www.28hse.com/en/estate/detail/city-one-shatin-4080/history/stateno-4/blockno-37,
400,4,37,H,11,304,5380000,17697,2020-05-06,https://www.28hse.com/en/estate/detail/city-one-shatin-4080/history/stateno-4/blockno-37,
401,4,37,A,10,284,3800000,13380,2025-05-30,https://www.28hse.com/en/estate/detail/city-one-shatin-4080/history/stateno-4/blockno-37,
402,4,37,C,10,304,5500000,18092,2021-11-24,https://www.28hse.com/en/estate/detail/city-one-shatin-4080/history/stateno-4/blockno-37,
403,4,37,F,10,284,5250000,18486,2022-06-09,https://www.28hse.com/en/estate/detail/city-one-shatin-4080/history/stateno-4/blockno-37,
404,4,37,G,10,304,5590000,18388,2020-03-18,https://www.28hse.com/en/estate/detail/city-one-shatin-4080/history/stateno-4/blockno-37,
405,4,37,B,9,284,4450000,15669,2022-11-24,https://www.28hse.com/en/estate/detail/city-one-shatin-4080/history/stateno-4/blockno-37,
406,4,37,G,9,304,4460000,14671,2026-06-29,https://www.28hse.com/en/estate/detail/city-one-shatin-4080/history/stateno-4/blockno-37,
407,4,37,G,8,304,5330000,17533,2021-07-06,https://www.28hse.com/en/estate/detail/city-one-shatin-4080/history/stateno-4/blockno-37,
408,4,37,A,7,284,5300000,18662,2020-08-04,https://www.28hse.com/en/estate/detail/city-one-shatin-4080/history/stateno-4/blockno-37,
409,4,37,B,7,284,4940000,17394,2019-02-26,https://www.28hse.com/en/estate/detail/city-one-shatin-4080/history/stateno-4/blockno-37,
410,4,37,E,7,284,3930000,13838,2025-12-12,https://www.28hse.com/en/estate/detail/city-one-shatin-4080/history/stateno-4/blockno-37,
411,4,37,F,7,284,5250000,18486,2022-07-08,https://www.28hse.com/en/estate/detail/city-one-shatin-4080/history/stateno-4/blockno-37,
412,4,37,G,7,304,4080000,13421,2022-12-05,https://www.28hse.com/en/estate/detail/city-one-shatin-4080/history/stateno-4/blockno-37,
413,4,37,A,6,284,4500000,15845,2023-09-07,https://www.28hse.com/en/estate/detail/city-one-shatin-4080/history/stateno-4/blockno-37,
414,4,37,E,6,284,4300000,15141,2023-02-10,https://www.28hse.com/en/estate/detail/city-one-shatin-4080/history/stateno-4/blockno-37,
415,4,37,F,6,284,6000000,21127,2018-10-26,https://www.28hse.com/en/estate/detail/city-one-shatin-4080/history/stateno-4/blockno-37,
416,4,37,G,6,304,4500000,14803,2022-10-11,https://www.28hse.com/en/estate/detail/city-one-shatin-4080/history/stateno-4/blockno-37,
417,4,37,E,5,284,5250000,18486,2020-05-18,https://www.28hse.com/en/estate/detail/city-one-shatin-4080/history/stateno-4/blockno-37,
418,4,37,G,5,304,5280000,17368,2018-07-17,https://www.28hse.com/en/estate/detail/city-one-shatin-4080/history/stateno-4/blockno-37,
419,4,37,F,4,284,4100000,14437,2024-04-08,https://www.28hse.com/en/estate/detail/city-one-shatin-4080/history/stateno-4/blockno-37,
420,4,37,A,3,284,4260000,15000,2019-02-27,https://www.28hse.com/en/estate/detail/city-one-shatin-4080/history/stateno-4/blockno-37,
421,4,37,E,3,284,4990000,17570,2020-05-18,https://www.28hse.com/en/estate/detail/city-one-shatin-4080/history/stateno-4/blockno-37,
422,4,37,F,3,284,5168000,18197,2018-02-27,https://www.28hse.com/en/estate/detail/city-one-shatin-4080/history/stateno-4/blockno-37,
423,4,37,G,3,304,4700000,15461,2019-05-24,https://www.28hse.com/en/estate/detail/city-one-shatin-4080/history/stateno-4/blockno-37,
424,4,37,H,3,304,5300000,17434,2020-06-30,https://www.28hse.com/en/estate/detail/city-one-shatin-4080/history/stateno-4/blockno-37,
425,4,38,B,32,284,5700000,20070,2021-04-27,https://www.28hse.com/en/estate/detail/city-one-shatin-4080/history/stateno-4/blockno-38,
426,4,38,E,32,284,2700000,9507,2019-03-15,https://www.28hse.com/en/estate/detail/city-one-shatin-4080/history/stateno-4/blockno-38,
427,4,38,F,32,284,4310000,15176,2026-03-19,https://www.28hse.com/en/estate/detail/city-one-shatin-4080/history/stateno-4/blockno-38,
428,4,38,G,32,304,5999000,19734,2021-11-23,https://www.28hse.com/en/estate/detail/city-one-shatin-4080/history/stateno-4/blockno-38,
429,4,38,B,31,284,5600000,19718,2021-06-22,https://www.28hse.com/en/estate/detail/city-one-shatin-4080/history/stateno-4/blockno-38,
430,4,38,D,31,304,5100000,16776,2018-03-09,https://www.28hse.com/en/estate/detail/city-one-shatin-4080/history/stateno-4/blockno-38,
431,4,38,C,30,304,5500000,18092,2020-12-08,https://www.28hse.com/en/estate/detail/city-one-shatin-4080/history/stateno-4/blockno-38,
432,4,38,F,30,284,5500000,19366,2020-12-02,https://www.28hse.com/en/estate/detail/city-one-shatin-4080/history/stateno-4/blockno-38,
433,4,38,H,30,304,5700000,18750,2020-10-09,https://www.28hse.com/en/estate/detail/city-one-shatin-4080/history/stateno-4/blockno-38,
434,4,38,B,29,284,3800000,13380,2019-11-11,https://www.28hse.com/en/estate/detail/city-one-shatin-4080/history/stateno-4/blockno-38,
435,4,38,D,29,304,3800000,12500,2025-07-31,https://www.28hse.com/en/estate/detail/city-one-shatin-4080/history/stateno-4/blockno-38,
436,4,38,E,29,284,5200000,18310,2021-12-22,https://www.28hse.com/en/estate/detail/city-one-shatin-4080/history/stateno-4/blockno-38,
437,4,38,H,29,304,5580000,18355,2022-04-08,https://www.28hse.com/en/estate/detail/city-one-shatin-4080/history/stateno-4/blockno-38,
438,4,38,A,28,284,5500000,19366,2021-02-17,https://www.28hse.com/en/estate/detail/city-one-shatin-4080/history/stateno-4/blockno-38,
439,4,38,F,28,284,5340000,18803,2019-10-25,https://www.28hse.com/en/estate/detail/city-one-shatin-4080/history/stateno-4/blockno-38,
440,4,38,G,28,304,5800000,19079,2018-06-19,https://www.28hse.com/en/estate/detail/city-one-shatin-4080/history/stateno-4/blockno-38,
441,4,38,A,27,284,5000000,17606,2023-03-23,https://www.28hse.com/en/estate/detail/city-one-shatin-4080/history/stateno-4/blockno-38,
442,4,38,B,27,284,5380000,18944,2021-03-29,https://www.28hse.com/en/estate/detail/city-one-shatin-4080/history/stateno-4/blockno-38,
443,4,38,E,27,284,4300000,15141,2024-05-28,https://www.28hse.com/en/estate/detail/city-one-shatin-4080/history/stateno-4/blockno-38,
444,4,38,G,27,304,5730000,18849,2021-08-11,https://www.28hse.com/en/estate/detail/city-one-shatin-4080/history/stateno-4/blockno-38,
445,4,38,E,26,284,4450000,15669,2023-09-14,https://www.28hse.com/en/estate/detail/city-one-shatin-4080/history/stateno-4/blockno-38,
446,4,38,H,26,304,5850000,19243,2018-08-01,https://www.28hse.com/en/estate/detail/city-one-shatin-4080/history/stateno-4/blockno-38,
447,4,38,B,24,284,5200000,18310,2019-11-11,https://www.28hse.com/en/estate/detail/city-one-shatin-4080/history/stateno-4/blockno-38,
448,4,38,E,24,284,5220000,18380,2022-04-11,https://www.28hse.com/en/estate/detail/city-one-shatin-4080/history/stateno-4/blockno-38,
449,4,38,H,24,304,5280000,17368,2022-04-29,https://www.28hse.com/en/estate/detail/city-one-shatin-4080/history/stateno-4/blockno-38,
450,4,38,D,23,304,5850000,19243,2020-06-12,https://www.28hse.com/en/estate/detail/city-one-shatin-4080/history/stateno-4/blockno-38,
451,4,38,E,23,284,5350000,18838,2020-02-21,https://www.28hse.com/en/estate/detail/city-one-shatin-4080/history/stateno-4/blockno-38,
452,4,38,F,23,284,4790000,16866,2019-03-15,https://www.28hse.com/en/estate/detail/city-one-shatin-4080/history/stateno-4/blockno-38,
453,4,38,H,23,304,5930000,19507,2019-07-16,https://www.28hse.com/en/estate/detail/city-one-shatin-4080/history/stateno-4/blockno-38,
454,4,38,G,22,304,5450000,17928,2020-04-16,https://www.28hse.com/en/estate/detail/city-one-shatin-4080/history/stateno-4/blockno-38,
455,4,38,H,22,304,4000000,13158,2025-02-17,https://www.28hse.com/en/estate/detail/city-one-shatin-4080/history/stateno-4/blockno-38,
456,4,38,D,21,304,5120000,16842,2020-03-09,https://www.28hse.com/en/estate/detail/city-one-shatin-4080/history/stateno-4/blockno-38,
457,4,38,B,20,284,4150000,14613,2022-11-25,https://www.28hse.com/en/estate/detail/city-one-shatin-4080/history/stateno-4/blockno-38,
458,4,38,F,20,284,3990000,14049,2026-05-07,https://www.28hse.com/en/estate/detail/city-one-shatin-4080/history/stateno-4/blockno-38,
459,4,38,G,20,304,4700000,15461,2026-05-29,https://www.28hse.com/en/estate/detail/city-one-shatin-4080/history/stateno-4/blockno-38,
460,4,38,D,19,304,4450000,14638,2024-04-12,https://www.28hse.com/en/estate/detail/city-one-shatin-4080/history/stateno-4/blockno-38,
461,4,38,F,19,284,5380000,18944,2020-05-15,https://www.28hse.com/en/estate/detail/city-one-shatin-4080/history/stateno-4/blockno-38,
462,4,38,G,19,304,5600000,18421,2022-06-06,https://www.28hse.com/en/estate/detail/city-one-shatin-4080/history/stateno-4/blockno-38,
463,4,38,H,19,304,5090000,16743,2019-03-26,https://www.28hse.com/en/estate/detail/city-one-shatin-4080/history/stateno-4/blockno-38,
464,4,38,D,18,304,5180000,17039,2022-03-14,https://www.28hse.com/en/estate/detail/city-one-shatin-4080/history/stateno-4/blockno-38,
465,4,38,B,17,284,3880000,13662,2025-08-29,https://www.28hse.com/en/estate/detail/city-one-shatin-4080/history/stateno-4/blockno-38,
466,4,38,D,17,304,5550000,18257,2019-12-02,https://www.28hse.com/en/estate/detail/city-one-shatin-4080/history/stateno-4/blockno-38,
467,4,38,H,17,304,4050000,13322,2024-01-11,https://www.28hse.com/en/estate/detail/city-one-shatin-4080/history/stateno-4/blockno-38,
468,4,38,B,16,284,5500000,19366,2020-10-16,https://www.28hse.com/en/estate/detail/city-one-shatin-4080/history/stateno-4/blockno-38,
469,4,38,E,16,284,5000000,17606,2021-10-25,https://www.28hse.com/en/estate/detail/city-one-shatin-4080/history/stateno-4/blockno-38,
470,4,38,G,16,304,3500000,11513,2025-02-05,https://www.28hse.com/en/estate/detail/city-one-shatin-4080/history/stateno-4/blockno-38,
471,4,38,H,16,304,5380000,17697,2022-02-11,https://www.28hse.com/en/estate/detail/city-one-shatin-4080/history/stateno-4/blockno-38,
472,4,38,A,15,284,4130000,14542,2025-07-10,https://www.28hse.com/en/estate/detail/city-one-shatin-4080/history/stateno-4/blockno-38,
473,4,38,B,15,284,4600000,16197,2026-04-28,https://www.28hse.com/en/estate/detail/city-one-shatin-4080/history/stateno-4/blockno-38,
474,4,38,G,15,304,5468000,17987,2018-11-07,https://www.28hse.com/en/estate/detail/city-one-shatin-4080/history/stateno-4/blockno-38,
475,4,38,H,15,304,4880000,16053,2023-03-08,https://www.28hse.com/en/estate/detail/city-one-shatin-4080/history/stateno-4/blockno-38,
476,4,38,A,14,284,4880000,17183,2023-03-23,https://www.28hse.com/en/estate/detail/city-one-shatin-4080/history/stateno-4/blockno-38,
477,4,38,D,14,304,5300000,17434,2020-04-28,https://www.28hse.com/en/estate/detail/city-one-shatin-4080/history/stateno-4/blockno-38,
478,4,38,F,14,284,5300000,18662,2021-02-10,https://www.28hse.com/en/estate/detail/city-one-shatin-4080/history/stateno-4/blockno-38,
479,4,38,A,13,284,4780000,16831,2023-03-01,https://www.28hse.com/en/estate/detail/city-one-shatin-4080/history/stateno-4/blockno-38,
480,4,38,B,13,284,5300000,18662,2019-03-01,https://www.28hse.com/en/estate/detail/city-one-shatin-4080/history/stateno-4/blockno-38,
481,4,38,E,12,284,5450000,19190,2021-06-01,https://www.28hse.com/en/estate/detail/city-one-shatin-4080/history/stateno-4/blockno-38,
482,4,38,F,12,284,4050000,14261,2025-10-10,https://www.28hse.com/en/estate/detail/city-one-shatin-4080/history/stateno-4/blockno-38,
483,4,38,G,12,304,5450000,17928,2020-05-06,https://www.28hse.com/en/estate/detail/city-one-shatin-4080/history/stateno-4/blockno-38,
484,4,38,B,11,284,4168000,14676,2023-11-17,https://www.28hse.com/en/estate/detail/city-one-shatin-4080/history/stateno-4/blockno-38,
485,4,38,A,10,284,5250000,18486,2019-11-29,https://www.28hse.com/en/estate/detail/city-one-shatin-4080/history/stateno-4/blockno-38,
486,4,38,F,10,284,5250000,18486,2020-02-19,https://www.28hse.com/en/estate/detail/city-one-shatin-4080/history/stateno-4/blockno-38,
487,4,38,H,10,304,5730000,18849,2021-10-22,https://www.28hse.com/en/estate/detail/city-one-shatin-4080/history/stateno-4/blockno-38,
488,4,38,C,9,304,5180000,17039,2022-07-26,https://www.28hse.com/en/estate/detail/city-one-shatin-4080/history/stateno-4/blockno-38,
489,4,38,D,9,304,4600000,15132,2018-01-11,https://www.28hse.com/en/estate/detail/city-one-shatin-4080/history/stateno-4/blockno-38,
490,4,38,F,9,284,5380000,18944,2021-03-15,https://www.28hse.com/en/estate/detail/city-one-shatin-4080/history/stateno-4/blockno-38,
491,4,38,G,9,304,5280000,17368,2018-05-10,https://www.28hse.com/en/estate/detail/city-one-shatin-4080/history/stateno-4/blockno-38,
492,4,38,C,8,304,4850000,15954,2021-02-10,https://www.28hse.com/en/estate/detail/city-one-shatin-4080/history/stateno-4/blockno-38,
493,4,38,E,8,284,5220000,18380,2022-04-29,https://www.28hse.com/en/estate/detail/city-one-shatin-4080/history/stateno-4/blockno-38,
494,4,38,C,7,304,5180000,17039,2020-11-20,https://www.28hse.com/en/estate/detail/city-one-shatin-4080/history/stateno-4/blockno-38,
495,4,38,D,7,304,3830000,12599,2025-07-16,https://www.28hse.com/en/estate/detail/city-one-shatin-4080/history/stateno-4/blockno-38,
496,4,38,F,7,284,5540000,19507,2021-08-11,https://www.28hse.com/en/estate/detail/city-one-shatin-4080/history/stateno-4/blockno-38,
497,4,38,F,6,284,5200000,18310,2022-03-09,https://www.28hse.com/en/estate/detail/city-one-shatin-4080/history/stateno-4/blockno-38,
498,4,38,H,6,304,4850000,15954,2022-09-28,https://www.28hse.com/en/estate/detail/city-one-shatin-4080/history/stateno-4/blockno-38,
499,4,38,C,5,304,5280000,17368,2021-03-30,https://www.28hse.com/en/estate/detail/city-one-shatin-4080/history/stateno-4/blockno-38,
500,4,38,D,5,304,5050000,16612,2020-10-27,https://www.28hse.com/en/estate/detail/city-one-shatin-4080/history/stateno-4/blockno-38,
501,4,38,F,4,284,5030000,17711,2020-09-16,https://www.28hse.com/en/estate/detail/city-one-shatin-4080/history/stateno-4/blockno-38,
502,4,38,G,4,304,4350000,14309,2022-09-29,https://www.28hse.com/en/estate/detail/city-one-shatin-4080/history/stateno-4/blockno-38,
503,4,38,B,3,284,4800000,16901,2023-05-18,https://www.28hse.com/en/estate/detail/city-one-shatin-4080/history/stateno-4/blockno-38,
504,4,38,D,3,304,5000000,16447,2021-05-20,https://www.28hse.com/en/estate/detail/city-one-shatin-4080/history/stateno-4/blockno-38,
505,5,27,B,28,688,4800000,6977,2019-04-04,https://www.28hse.com/en/estate/detail/city-one-shatin-4080/history/stateno-5/blockno-27,
506,5,27,A,27,688,9600000,13953,2020-11-17,https://www.28hse.com/en/estate/detail/city-one-shatin-4080/history/stateno-5/blockno-27,
507,5,27,B,27,688,8880000,12907,2022-06-01,https://www.28hse.com/en/estate/detail/city-one-shatin-4080/history/stateno-5/blockno-27,
508,5,27,C,27,688,10280000,14942,2022-08-04,https://www.28hse.com/en/estate/detail/city-one-shatin-4080/history/stateno-5/blockno-27,
509,5,27,D,27,688,2500000,3634,2023-11-10,https://www.28hse.com/en/estate/detail/city-one-shatin-4080/history/stateno-5/blockno-27,
510,5,27,A,25,688,1525000,2217,2024-10-15,https://www.28hse.com/en/estate/detail/city-one-shatin-4080/history/stateno-5/blockno-27,
511,5,27,D,23,688,8100000,11773,2025-10-31,https://www.28hse.com/en/estate/detail/city-one-shatin-4080/history/stateno-5/blockno-27,
512,5,27,A,22,688,9980000,14506,2020-10-09,https://www.28hse.com/en/estate/detail/city-one-shatin-4080/history/stateno-5/blockno-27,
513,5,27,B,22,688,8900000,12936,2018-02-09,https://www.28hse.com/en/estate/detail/city-one-shatin-4080/history/stateno-5/blockno-27,
514,5,27,D,22,688,9700000,14099,2019-05-16,https://www.28hse.com/en/estate/detail/city-one-shatin-4080/history/stateno-5/blockno-27,
515,5,27,D,20,688,9888000,14372,2020-05-04,https://www.28hse.com/en/estate/detail/city-one-shatin-4080/history/stateno-5/blockno-27,
516,5,27,A,19,688,10280000,14942,2021-09-03,https://www.28hse.com/en/estate/detail/city-one-shatin-4080/history/stateno-5/blockno-27,
517,5,27,C,18,688,8200000,11919,2024-06-12,https://www.28hse.com/en/estate/detail/city-one-shatin-4080/history/stateno-5/blockno-27,
518,5,27,C,17,688,8000000,11628,2025-05-13,https://www.28hse.com/en/estate/detail/city-one-shatin-4080/history/stateno-5/blockno-27,
519,5,27,D,16,688,8750000,12718,2026-07-17,https://www.28hse.com/en/estate/detail/city-one-shatin-4080/history/stateno-5/blockno-27,
520,5,27,B,13,688,6900000,10029,2024-08-23,https://www.28hse.com/en/estate/detail/city-one-shatin-4080/history/stateno-5/blockno-27,
521,5,27,C,13,688,7700000,11192,2024-05-09,https://www.28hse.com/en/estate/detail/city-one-shatin-4080/history/stateno-5/blockno-27,
522,5,27,A,10,688,7200000,10465,2024-10-22,https://www.28hse.com/en/estate/detail/city-one-shatin-4080/history/stateno-5/blockno-27,
523,5,27,C,9,688,9980000,14506,2021-10-26,https://www.28hse.com/en/estate/detail/city-one-shatin-4080/history/stateno-5/blockno-27,
524,5,27,B,8,688,6700000,9738,2025-10-02,https://www.28hse.com/en/estate/detail/city-one-shatin-4080/history/stateno-5/blockno-27,
525,5,27,A,7,688,6920000,10058,2025-03-27,https://www.28hse.com/en/estate/detail/city-one-shatin-4080/history/stateno-5/blockno-27,
526,5,27,C,6,688,7000000,10174,2024-04-30,https://www.28hse.com/en/estate/detail/city-one-shatin-4080/history/stateno-5/blockno-27,
527,5,27,C,4,688,6500000,9448,2024-02-07,https://www.28hse.com/en/estate/detail/city-one-shatin-4080/history/stateno-5/blockno-27,
528,5,27,D,3,688,8830000,12834,2022-09-02,https://www.28hse.com/en/estate/detail/city-one-shatin-4080/history/stateno-5/blockno-27,
529,5,27,C,2,688,6600000,9593,2025-06-20,https://www.28hse.com/en/estate/detail/city-one-shatin-4080/history/stateno-5/blockno-27,
530,5,27,A,1,688,7150000,10392,2026-06-05,https://www.28hse.com/en/estate/detail/city-one-shatin-4080/history/stateno-5/blockno-27,
531,5,28,C,28,688,8280000,12035,2024-05-13,https://www.28hse.com/en/estate/detail/city-one-shatin-4080/history/stateno-5/blockno-28,
532,5,28,C,27,688,8650000,12573,2023-03-27,https://www.28hse.com/en/estate/detail/city-one-shatin-4080/history/stateno-5/blockno-28,
533,5,28,D,27,688,8700000,12645,2023-02-27,https://www.28hse.com/en/estate/detail/city-one-shatin-4080/history/stateno-5/blockno-28,
534,5,28,C,26,688,7530000,10945,2025-03-28,https://www.28hse.com/en/estate/detail/city-one-shatin-4080/history/stateno-5/blockno-28,
535,5,28,C,24,688,8080000,11744,2024-04-18,https://www.28hse.com/en/estate/detail/city-one-shatin-4080/history/stateno-5/blockno-28,
536,5,28,A,23,688,7790000,11323,2023-09-25,https://www.28hse.com/en/estate/detail/city-one-shatin-4080/history/stateno-5/blockno-28,
537,5,28,D,23,688,9168000,13326,2023-03-07,https://www.28hse.com/en/estate/detail/city-one-shatin-4080/history/stateno-5/blockno-28,
538,5,28,D,21,688,9920000,14419,2021-01-21,https://www.28hse.com/en/estate/detail/city-one-shatin-4080/history/stateno-5/blockno-28,
539,5,28,D,20,688,9938000,14445,2022-09-27,https://www.28hse.com/en/estate/detail/city-one-shatin-4080/history/stateno-5/blockno-28,
540,5,28,B,19,688,9980000,14506,2021-08-03,https://www.28hse.com/en/estate/detail/city-one-shatin-4080/history/stateno-5/blockno-28,
541,5,28,D,19,688,7800000,11337,2024-01-30,https://www.28hse.com/en/estate/detail/city-one-shatin-4080/history/stateno-5/blockno-28,
542,5,28,B,15,688,6980000,10145,2026-02-24,https://www.28hse.com/en/estate/detail/city-one-shatin-4080/history/stateno-5/blockno-28,
543,5,28,A,10,688,9680000,14070,2020-08-07,https://www.28hse.com/en/estate/detail/city-one-shatin-4080/history/stateno-5/blockno-28,
544,5,28,C,9,688,7720000,11221,2025-11-13,https://www.28hse.com/en/estate/detail/city-one-shatin-4080/history/stateno-5/blockno-28,
545,5,28,D,8,688,10000000,14535,2021-07-12,https://www.28hse.com/en/estate/detail/city-one-shatin-4080/history/stateno-5/blockno-28,
546,5,28,D,6,688,7730000,11235,2026-03-20,https://www.28hse.com/en/estate/detail/city-one-shatin-4080/history/stateno-5/blockno-28,
547,5,28,A,3,688,9068000,13180,2021-02-17,https://www.28hse.com/en/estate/detail/city-one-shatin-4080/history/stateno-5/blockno-28,
548,6,24,C,30,326,5500000,16871,2022-04-25,https://www.28hse.com/en/estate/detail/city-one-shatin-4080/history/stateno-6/blockno-24,
549,6,24,D,30,326,5088000,15607,2024-10-28,https://www.28hse.com/en/estate/detail/city-one-shatin-4080/history/stateno-6/blockno-24,
550,6,24,F,30,447,8000000,17897,2021-05-03,https://www.28hse.com/en/estate/detail/city-one-shatin-4080/history/stateno-6/blockno-24,
551,6,24,B,28,447,6260000,14004,2022-11-02,https://www.28hse.com/en/estate/detail/city-one-shatin-4080/history/stateno-6/blockno-24,
552,6,24,G,28,326,5300000,16258,2018-02-14,https://www.28hse.com/en/estate/detail/city-one-shatin-4080/history/stateno-6/blockno-24,
553,6,24,A,27,447,7250000,16219,2023-07-27,https://www.28hse.com/en/estate/detail/city-one-shatin-4080/history/stateno-6/blockno-24,
554,6,24,C,27,326,5800000,17791,2018-04-27,https://www.28hse.com/en/estate/detail/city-one-shatin-4080/history/stateno-6/blockno-24,
555,6,24,H,27,326,6000000,18405,2018-10-31,https://www.28hse.com/en/estate/detail/city-one-shatin-4080/history/stateno-6/blockno-24,
556,6,24,B,26,447,6200000,13870,2023-01-10,https://www.28hse.com/en/estate/detail/city-one-shatin-4080/history/stateno-6/blockno-24,
557,6,24,D,26,326,4960000,15215,2026-07-14,https://www.28hse.com/en/estate/detail/city-one-shatin-4080/history/stateno-6/blockno-24,
558,6,24,E,26,447,6600000,14765,2026-02-06,https://www.28hse.com/en/estate/detail/city-one-shatin-4080/history/stateno-6/blockno-24,
559,6,24,H,26,326,6150000,18865,2021-05-17,https://www.28hse.com/en/estate/detail/city-one-shatin-4080/history/stateno-6/blockno-24,
560,6,24,A,25,447,5400000,12081,2025-02-20,https://www.28hse.com/en/estate/detail/city-one-shatin-4080/history/stateno-6/blockno-24,
561,6,24,B,22,447,7980000,17852,2021-05-06,https://www.28hse.com/en/estate/detail/city-one-shatin-4080/history/stateno-6/blockno-24,
562,6,24,C,22,326,5560000,17055,2018-03-19,https://www.28hse.com/en/estate/detail/city-one-shatin-4080/history/stateno-6/blockno-24,
563,6,24,B,19,447,6340000,14183,2022-10-13,https://www.28hse.com/en/estate/detail/city-one-shatin-4080/history/stateno-6/blockno-24,
564,6,24,D,19,326,4150000,12730,2024-10-15,https://www.28hse.com/en/estate/detail/city-one-shatin-4080/history/stateno-6/blockno-24,
565,6,24,E,19,447,7900000,17673,2018-06-14,https://www.28hse.com/en/estate/detail/city-one-shatin-4080/history/stateno-6/blockno-24,
566,6,24,G,19,326,4180000,12822,2024-09-10,https://www.28hse.com/en/estate/detail/city-one-shatin-4080/history/stateno-6/blockno-24,
567,6,24,H,18,326,4330000,13282,2024-12-03,https://www.28hse.com/en/estate/detail/city-one-shatin-4080/history/stateno-6/blockno-24,
568,6,24,C,17,326,5600000,17178,2020-07-23,https://www.28hse.com/en/estate/detail/city-one-shatin-4080/history/stateno-6/blockno-24,
569,6,24,E,17,447,5480000,12260,2024-11-27,https://www.28hse.com/en/estate/detail/city-one-shatin-4080/history/stateno-6/blockno-24,
570,6,24,F,17,447,7440000,16644,2022-04-21,https://www.28hse.com/en/estate/detail/city-one-shatin-4080/history/stateno-6/blockno-24,
571,6,24,D,16,326,4500000,13804,2024-02-27,https://www.28hse.com/en/estate/detail/city-one-shatin-4080/history/stateno-6/blockno-24,
572,6,24,A,15,447,5220000,11678,2025-03-31,https://www.28hse.com/en/estate/detail/city-one-shatin-4080/history/stateno-6/blockno-24,
573,6,24,B,15,447,7450000,16667,2018-05-03,https://www.28hse.com/en/estate/detail/city-one-shatin-4080/history/stateno-6/blockno-24,
574,6,24,B,14,447,7200000,16107,2020-12-17,https://www.28hse.com/en/estate/detail/city-one-shatin-4080/history/stateno-6/blockno-24,
575,6,24,C,14,326,4070000,12485,2025-06-27,https://www.28hse.com/en/estate/detail/city-one-shatin-4080/history/stateno-6/blockno-24,
576,6,24,D,14,326,5900000,18098,2022-01-03,https://www.28hse.com/en/estate/detail/city-one-shatin-4080/history/stateno-6/blockno-24,
577,6,24,G,14,326,4900000,15031,2026-06-16,https://www.28hse.com/en/estate/detail/city-one-shatin-4080/history/stateno-6/blockno-24,
578,6,24,A,13,447,5000000,11186,2025-11-13,https://www.28hse.com/en/estate/detail/city-one-shatin-4080/history/stateno-6/blockno-24,
579,6,24,C,13,326,4280000,13129,2024-03-27,https://www.28hse.com/en/estate/detail/city-one-shatin-4080/history/stateno-6/blockno-24,
580,6,24,D,13,326,5780000,17730,2020-11-20,https://www.28hse.com/en/estate/detail/city-one-shatin-4080/history/stateno-6/blockno-24,
581,6,24,E,13,447,7450000,16667,2021-01-12,https://www.28hse.com/en/estate/detail/city-one-shatin-4080/history/stateno-6/blockno-24,
582,6,24,B,12,447,6000000,13423,2018-04-26,https://www.28hse.com/en/estate/detail/city-one-shatin-4080/history/stateno-6/blockno-24,
583,6,24,C,12,326,4220000,12945,2024-09-05,https://www.28hse.com/en/estate/detail/city-one-shatin-4080/history/stateno-6/blockno-24,
584,6,24,E,12,447,6000000,13423,2026-06-04,https://www.28hse.com/en/estate/detail/city-one-shatin-4080/history/stateno-6/blockno-24,
585,6,24,B,11,447,6000000,13423,2019-01-28,https://www.28hse.com/en/estate/detail/city-one-shatin-4080/history/stateno-6/blockno-24,
586,6,24,D,11,326,5400000,16564,2019-12-06,https://www.28hse.com/en/estate/detail/city-one-shatin-4080/history/stateno-6/blockno-24,
587,6,24,A,10,447,5000000,11186,2023-04-28,https://www.28hse.com/en/estate/detail/city-one-shatin-4080/history/stateno-6/blockno-24,
588,6,24,B,10,447,6880000,15391,2018-10-12,https://www.28hse.com/en/estate/detail/city-one-shatin-4080/history/stateno-6/blockno-24,
589,6,24,C,10,326,5000000,15337,2019-02-18,https://www.28hse.com/en/estate/detail/city-one-shatin-4080/history/stateno-6/blockno-24,
590,6,24,C,9,326,5630000,17270,2021-05-31,https://www.28hse.com/en/estate/detail/city-one-shatin-4080/history/stateno-6/blockno-24,
591,6,24,F,9,447,5450000,12192,2025-02-10,https://www.28hse.com/en/estate/detail/city-one-shatin-4080/history/stateno-6/blockno-24,
592,6,24,B,8,447,7080000,15839,2018-10-22,https://www.28hse.com/en/estate/detail/city-one-shatin-4080/history/stateno-6/blockno-24,
593,6,24,D,8,326,5950000,18252,2018-10-02,https://www.28hse.com/en/estate/detail/city-one-shatin-4080/history/stateno-6/blockno-24,
594,6,24,H,8,326,4100000,12577,2024-01-10,https://www.28hse.com/en/estate/detail/city-one-shatin-4080/history/stateno-6/blockno-24,
595,6,24,D,7,326,5400000,16564,2020-08-26,https://www.28hse.com/en/estate/detail/city-one-shatin-4080/history/stateno-6/blockno-24,
596,6,24,F,7,447,6695000,14978,2023-05-31,https://www.28hse.com/en/estate/detail/city-one-shatin-4080/history/stateno-6/blockno-24,
597,6,24,D,6,326,4730000,14509,2023-04-14,https://www.28hse.com/en/estate/detail/city-one-shatin-4080/history/stateno-6/blockno-24,
598,6,24,G,6,326,3900000,11963,2024-04-12,https://www.28hse.com/en/estate/detail/city-one-shatin-4080/history/stateno-6/blockno-24,
599,6,24,H,6,326,1830000,5613,2019-12-02,https://www.28hse.com/en/estate/detail/city-one-shatin-4080/history/stateno-6/blockno-24,
600,6,24,D,5,326,5638000,17294,2020-07-02,https://www.28hse.com/en/estate/detail/city-one-shatin-4080/history/stateno-6/blockno-24,
601,6,24,B,4,447,7100000,15884,2019-04-17,https://www.28hse.com/en/estate/detail/city-one-shatin-4080/history/stateno-6/blockno-24,
602,6,24,C,4,326,4450000,13650,2023-02-23,https://www.28hse.com/en/estate/detail/city-one-shatin-4080/history/stateno-6/blockno-24,
603,6,24,D,4,326,4050000,12423,2024-11-19,https://www.28hse.com/en/estate/detail/city-one-shatin-4080/history/stateno-6/blockno-24,
604,6,24,E,4,447,6900000,15436,2019-11-27,https://www.28hse.com/en/estate/detail/city-one-shatin-4080/history/stateno-6/blockno-24,
605,6,24,F,4,447,5100000,11409,2024-06-05,https://www.28hse.com/en/estate/detail/city-one-shatin-4080/history/stateno-6/blockno-24,
606,6,24,E,3,447,5800000,12975,2026-03-20,https://www.28hse.com/en/estate/detail/city-one-shatin-4080/history/stateno-6/blockno-24,
607,6,24,H,2,326,4495000,13788,2019-04-25,https://www.28hse.com/en/estate/detail/city-one-shatin-4080/history/stateno-6/blockno-24,
608,6,24,A,1,447,5950000,13311,2021-03-11,https://www.28hse.com/en/estate/detail/city-one-shatin-4080/history/stateno-6/blockno-24,
609,6,24,C,1,326,3820000,11718,2025-10-10,https://www.28hse.com/en/estate/detail/city-one-shatin-4080/history/stateno-6/blockno-24,
610,6,24,D,1,326,4618000,14166,2023-04-20,https://www.28hse.com/en/estate/detail/city-one-shatin-4080/history/stateno-6/blockno-24,
611,6,24,E,1,447,6080000,13602,2022-06-30,https://www.28hse.com/en/estate/detail/city-one-shatin-4080/history/stateno-6/blockno-24,
612,6,24,F,1,447,6000000,13423,2021-03-26,https://www.28hse.com/en/estate/detail/city-one-shatin-4080/history/stateno-6/blockno-24,
613,6,25,A,27,688,10000000,14535,2021-02-23,https://www.28hse.com/en/estate/detail/city-one-shatin-4080/history/stateno-6/blockno-25,
614,6,25,D,27,688,6000000,8721,2021-04-23,https://www.28hse.com/en/estate/detail/city-one-shatin-4080/history/stateno-6/blockno-25,
615,6,25,A,24,688,7600000,11047,2026-01-12,https://www.28hse.com/en/estate/detail/city-one-shatin-4080/history/stateno-6/blockno-25,
616,6,25,C,24,688,8500000,12355,2024-06-07,https://www.28hse.com/en/estate/detail/city-one-shatin-4080/history/stateno-6/blockno-25,
617,6,25,A,20,688,10000000,14535,2021-05-13,https://www.28hse.com/en/estate/detail/city-one-shatin-4080/history/stateno-6/blockno-25,
618,6,25,D,20,688,9350000,13590,2020-10-20,https://www.28hse.com/en/estate/detail/city-one-shatin-4080/history/stateno-6/blockno-25,
619,6,25,C,19,688,6000000,8721,2024-10-30,https://www.28hse.com/en/estate/detail/city-one-shatin-4080/history/stateno-6/blockno-25,
620,6,25,B,18,688,5000000,7267,2023-11-14,https://www.28hse.com/en/estate/detail/city-one-shatin-4080/history/stateno-6/blockno-25,
621,6,25,B,17,688,7900000,11483,2023-10-05,https://www.28hse.com/en/estate/detail/city-one-shatin-4080/history/stateno-6/blockno-25,
622,6,25,B,16,688,9150000,13299,2023-02-10,https://www.28hse.com/en/estate/detail/city-one-shatin-4080/history/stateno-6/blockno-25,
623,6,25,D,15,688,8380000,12180,2021-12-03,https://www.28hse.com/en/estate/detail/city-one-shatin-4080/history/stateno-6/blockno-25,
624,6,25,D,14,688,7290000,10596,2021-12-02,https://www.28hse.com/en/estate/detail/city-one-shatin-4080/history/stateno-6/blockno-25,
625,6,25,B,13,688,8500000,12355,2023-05-19,https://www.28hse.com/en/estate/detail/city-one-shatin-4080/history/stateno-6/blockno-25,
626,6,25,A,12,688,10000000,14535,2021-03-17,https://www.28hse.com/en/estate/detail/city-one-shatin-4080/history/stateno-6/blockno-25,
627,6,25,B,12,688,9800000,14244,2021-06-01,https://www.28hse.com/en/estate/detail/city-one-shatin-4080/history/stateno-6/blockno-25,
628,6,25,A,11,688,8280000,12035,2023-02-01,https://www.28hse.com/en/estate/detail/city-one-shatin-4080/history/stateno-6/blockno-25,
629,6,25,A,10,688,9950000,14462,2021-03-02,https://www.28hse.com/en/estate/detail/city-one-shatin-4080/history/stateno-6/blockno-25,
630,6,25,C,9,688,9988000,14517,2020-09-23,https://www.28hse.com/en/estate/detail/city-one-shatin-4080/history/stateno-6/blockno-25,
631,6,25,C,8,688,8350000,12137,2026-05-22,https://www.28hse.com/en/estate/detail/city-one-shatin-4080/history/stateno-6/blockno-25,
632,6,25,D,7,688,9650000,14026,2020-04-02,https://www.28hse.com/en/estate/detail/city-one-shatin-4080/history/stateno-6/blockno-25,
633,6,25,C,5,688,7200000,10465,2024-01-16,https://www.28hse.com/en/estate/detail/city-one-shatin-4080/history/stateno-6/blockno-25,
634,6,25,C,2,688,6398000,9299,2024-10-15,https://www.28hse.com/en/estate/detail/city-one-shatin-4080/history/stateno-6/blockno-25,
635,6,25,C,1,688,8280000,12035,2021-09-14,https://www.28hse.com/en/estate/detail/city-one-shatin-4080/history/stateno-6/blockno-25,
636,7,34,B,35,707,11650000,16478,2022-05-16,https://www.28hse.com/en/estate/detail/city-one-shatin-4080/history/stateno-7/blockno-34,
637,7,34,A,34,707,9978000,14113,2022-02-08,https://www.28hse.com/en/estate/detail/city-one-shatin-4080/history/stateno-7/blockno-34,
638,7,34,A,33,707,9900000,14003,2020-09-01,https://www.28hse.com/en/estate/detail/city-one-shatin-4080/history/stateno-7/blockno-34,
639,7,34,B,32,707,7950000,11245,2024-11-25,https://www.28hse.com/en/estate/detail/city-one-shatin-4080/history/stateno-7/blockno-34,
640,7,34,C,32,707,9700000,13720,2023-07-04,https://www.28hse.com/en/estate/detail/city-one-shatin-4080/history/stateno-7/blockno-34,
641,7,34,C,28,707,8980000,12702,2023-11-27,https://www.28hse.com/en/estate/detail/city-one-shatin-4080/history/stateno-7/blockno-34,
642,7,34,D,28,707,10000000,14144,2020-12-07,https://www.28hse.com/en/estate/detail/city-one-shatin-4080/history/stateno-7/blockno-34,
643,7,34,A,27,707,9180000,12984,2022-04-01,https://www.28hse.com/en/estate/detail/city-one-shatin-4080/history/stateno-7/blockno-34,
644,7,34,A,25,707,9630000,13621,2023-04-17,https://www.28hse.com/en/estate/detail/city-one-shatin-4080/history/stateno-7/blockno-34,
645,7,34,B,25,707,10000000,14144,2020-11-03,https://www.28hse.com/en/estate/detail/city-one-shatin-4080/history/stateno-7/blockno-34,
646,7,34,C,25,707,9330000,13197,2023-04-26,https://www.28hse.com/en/estate/detail/city-one-shatin-4080/history/stateno-7/blockno-34,
647,7,34,D,25,707,9350000,13225,2026-06-10,https://www.28hse.com/en/estate/detail/city-one-shatin-4080/history/stateno-7/blockno-34,
648,7,34,A,24,707,8000000,11315,2025-01-10,https://www.28hse.com/en/estate/detail/city-one-shatin-4080/history/stateno-7/blockno-34,
649,7,34,D,23,707,9320000,13182,2026-09-11,https://www.28hse.com/en/estate/detail/city-one-shatin-4080/history/stateno-7/blockno-34,
650,7,34,A,22,707,7680000,10863,2024-11-20,https://www.28hse.com/en/estate/detail/city-one-shatin-4080/history/stateno-7/blockno-34,
651,7,34,C,21,707,8000000,11315,2025-10-23,https://www.28hse.com/en/estate/detail/city-one-shatin-4080/history/stateno-7/blockno-34,
652,7,34,C,19,707,8500000,12023,2026-01-14,https://www.28hse.com/en/estate/detail/city-one-shatin-4080/history/stateno-7/blockno-34,
653,7,34,B,17,707,9850000,13932,2020-11-24,https://www.28hse.com/en/estate/detail/city-one-shatin-4080/history/stateno-7/blockno-34,
654,7,34,C,17,707,2100000,2970,2022-12-09,https://www.28hse.com/en/estate/detail/city-one-shatin-4080/history/stateno-7/blockno-34,
655,7,34,C,13,707,8000000,11315,2024-07-15,https://www.28hse.com/en/estate/detail/city-one-shatin-4080/history/stateno-7/blockno-34,
656,7,34,D,13,707,8600000,12164,2026-05-18,https://www.28hse.com/en/estate/detail/city-one-shatin-4080/history/stateno-7/blockno-34,
657,7,34,C,10,707,3800000,5375,2026-04-09,https://www.28hse.com/en/estate/detail/city-one-shatin-4080/history/stateno-7/blockno-34,
658,7,34,D,8,707,9730000,13762,2021-04-28,https://www.28hse.com/en/estate/detail/city-one-shatin-4080/history/stateno-7/blockno-34,
659,7,34,A,4,707,8330000,11782,2023-05-09,https://www.28hse.com/en/estate/detail/city-one-shatin-4080/history/stateno-7/blockno-34,
660,7,34,B,3,707,8712000,12322,2021-10-12,https://www.28hse.com/en/estate/detail/city-one-shatin-4080/history/stateno-7/blockno-34,
661,7,34,C,3,707,8200000,11598,2019-05-17,https://www.28hse.com/en/estate/detail/city-one-shatin-4080/history/stateno-7/blockno-34,
662,7,35,D,36,707,11330000,16025,2022-05-03,https://www.28hse.com/en/estate/detail/city-one-shatin-4080/history/stateno-7/blockno-35,
663,7,35,B,35,707,6000000,8487,2019-12-11,https://www.28hse.com/en/estate/detail/city-one-shatin-4080/history/stateno-7/blockno-35,
664,7,35,C,35,707,11200000,15842,2022-01-10,https://www.28hse.com/en/estate/detail/city-one-shatin-4080/history/stateno-7/blockno-35,
665,7,35,C,34,707,8120000,11485,2024-12-04,https://www.28hse.com/en/estate/detail/city-one-shatin-4080/history/stateno-7/blockno-35,
666,7,35,C,31,707,9280000,13126,2026-09-09,https://www.28hse.com/en/estate/detail/city-one-shatin-4080/history/stateno-7/blockno-35,
667,7,35,B,30,707,8900000,12588,2021-02-25,https://www.28hse.com/en/estate/detail/city-one-shatin-4080/history/stateno-7/blockno-35,
668,7,35,A,28,707,10300000,14569,2021-11-29,https://www.28hse.com/en/estate/detail/city-one-shatin-4080/history/stateno-7/blockno-35,
669,7,35,C,27,707,8000000,11315,2026-08-03,https://www.28hse.com/en/estate/detail/city-one-shatin-4080/history/stateno-7/blockno-35,
670,7,35,C,26,707,10770000,15233,2021-03-16,https://www.28hse.com/en/estate/detail/city-one-shatin-4080/history/stateno-7/blockno-35,
671,7,35,A,24,707,10400000,14710,2021-07-19,https://www.28hse.com/en/estate/detail/city-one-shatin-4080/history/stateno-7/blockno-35,
672,7,35,B,23,707,9920000,14031,2022-04-28,https://www.28hse.com/en/estate/detail/city-one-shatin-4080/history/stateno-7/blockno-35,
673,7,35,A,22,707,7800000,11033,2024-09-11,https://www.28hse.com/en/estate/detail/city-one-shatin-4080/history/stateno-7/blockno-35,
674,7,35,D,21,707,3900000,5516,2025-04-24,https://www.28hse.com/en/estate/detail/city-one-shatin-4080/history/stateno-7/blockno-35,
675,7,35,B,19,707,7500000,10608,2025-08-25,https://www.28hse.com/en/estate/detail/city-one-shatin-4080/history/stateno-7/blockno-35,
676,7,35,B,18,707,9850000,13932,2022-05-20,https://www.28hse.com/en/estate/detail/city-one-shatin-4080/history/stateno-7/blockno-35,
677,7,35,B,17,707,7300000,10325,2024-06-28,https://www.28hse.com/en/estate/detail/city-one-shatin-4080/history/stateno-7/blockno-35,
678,7,35,D,15,707,9800000,13861,2019-11-15,https://www.28hse.com/en/estate/detail/city-one-shatin-4080/history/stateno-7/blockno-35,
679,7,35,C,14,707,8990000,12716,2023-02-06,https://www.28hse.com/en/estate/detail/city-one-shatin-4080/history/stateno-7/blockno-35,
680,7,35,B,12,707,8080000,11429,2024-04-12,https://www.28hse.com/en/estate/detail/city-one-shatin-4080/history/stateno-7/blockno-35,
681,7,35,B,9,707,9990000,14130,2020-09-08,https://www.28hse.com/en/estate/detail/city-one-shatin-4080/history/stateno-7/blockno-35,
682,7,35,A,8,707,10700000,15134,2021-06-21,https://www.28hse.com/en/estate/detail/city-one-shatin-4080/history/stateno-7/blockno-35,
683,7,35,D,3,707,8800000,12447,2023-05-12,https://www.28hse.com/en/estate/detail/city-one-shatin-4080/history/stateno-7/blockno-35,
