transaction_id,block,floor,saleable_area_sqft,age_at_sale,sale_date,price_hkd,adjusted_price_hkd
1,1,26,327,37,2018-12-13,4850000,4736389
2,1,25,327,43,2024-03-28,4300000,4209917
3,1,25,451,37,2018-07-03,7780000,6705606
4,1,25,327,39,2020-09-18,5730000,4679394
5,1,24,451,40,2021-03-26,7500000,5975488
6,1,24,327,38,2019-08-01,5998000,5346283
7,1,24,327,40,2021-12-21,6180000,5012918
8,1,23,327,41,2022-09-29,4920000,4267889
9,1,23,327,43,2024-05-08,4580000,4644973
10,1,22,327,44,2025-07-16,4398000,4559767
11,1,22,451,39,2020-12-24,7780000,6428299
12,1,21,327,37,2018-10-30,6500000,6217372
13,1,21,327,41,2022-01-10,6290000,5094659
14,1,21,451,39,2020-08-04,7550000,6239250
15,1,20,451,39,2020-08-12,7780000,6429319
16,1,20,327,42,2023-05-23,5600000,4842273
17,1,19,451,39,2020-07-08,7250000,5984365
18,1,19,451,38,2019-08-14,7600000,6774216
19,1,19,327,43,2024-10-21,4380000,4380040
20,1,19,451,45,2026-06-03,6500000,6221727
21,1,19,327,41,2022-11-14,4880000,4427894
22,1,18,327,44,2025-12-08,4400000,4481045
23,1,17,451,44,2025-06-25,5000000,5227542
24,1,17,327,45,2026-01-29,4508000,4507835
25,1,16,451,39,2020-05-28,7480000,6089467
26,1,16,327,41,2022-10-06,4850000,4266451
27,1,16,451,37,2018-05-29,7750000,6879365
28,1,16,327,38,2019-12-19,5900000,5209695
29,1,15,327,40,2021-12-20,6330000,5134591
30,1,15,327,39,2020-08-10,5680000,4693899
31,1,14,451,38,2019-02-13,6740000,5941096
32,1,14,327,43,2024-04-11,4150000,4047940
33,1,13,327,42,2023-04-20,5260000,4523054
34,1,12,451,41,2022-11-11,6220000,5643750
35,1,11,451,38,2019-03-01,6968000,6115981
36,1,11,451,41,2022-10-25,6170000,5427630
37,1,11,327,40,2021-09-27,6020000,4898145
38,1,11,327,42,2023-08-17,4880000,4460364
39,1,10,451,40,2021-08-10,7650000,6073307
40,1,10,327,39,2020-10-09,5500000,4540617
41,1,9,451,38,2019-03-11,6880000,6038742
42,1,9,327,39,2020-05-15,5680000,4624087
43,1,9,451,44,2025-07-08,4000000,4147128
44,1,9,327,38,2019-05-22,6300000,5359334
45,1,8,327,39,2020-10-19,5760000,4755265
46,1,8,451,40,2021-04-23,7130000,5696059
47,1,8,327,38,2019-05-30,5000000,4253440
48,1,7,451,41,2022-09-26,6188000,5367824
49,1,6,451,40,2021-06-16,7050000,5534703
50,1,6,327,38,2019-07-08,5330000,4538228
51,1,6,327,41,2022-04-22,5230000,4119704
52,1,5,451,38,2019-09-17,6600000,5866941
53,1,5,327,44,2025-09-26,3980000,4077470
54,1,5,327,40,2021-08-03,5800000,4604599
55,1,4,327,40,2021-04-14,5300000,4234097
56,1,4,451,37,2018-01-18,6000000,5685629
57,1,3,451,40,2021-10-29,7180000,5880889
58,1,2,451,41,2022-10-27,5650000,4970196
59,1,2,327,45,2026-03-02,4200000,3995492
60,1,2,327,39,2020-03-18,5280000,4420219
61,1,2,327,39,2020-06-22,5330000,4436255
62,1,1,451,40,2021-11-18,6400000,5170422
63,2,27,327,38,2019-10-10,6000000,5243860
64,2,26,327,44,2025-10-02,4280000,4428355
65,2,25,327,41,2022-03-22,5500000,4469759
66,2,25,327,41,2022-04-11,5800000,4568696
67,2,25,451,38,2019-03-26,6500000,5705206
68,2,24,451,40,2021-07-30,7900000,6163189
69,2,24,451,41,2022-06-02,7250000,5974665
70,2,24,327,39,2020-09-11,5930000,4842724
71,2,24,327,40,2021-05-03,5895000,4737375
72,2,23,327,44,2025-06-11,5000000,5227542
73,2,23,451,41,2022-09-09,6500000,5638471
74,2,22,451,42,2023-05-22,3550000,3069655
75,2,20,451,45,2026-03-23,5630000,5355862
76,2,20,327,40,2021-11-17,5850000,4726089
77,2,19,451,40,2021-08-03,7650000,6073307
78,2,19,327,37,2018-09-21,6000000,5543759
79,2,19,327,39,2020-04-22,5900000,4996583
80,2,18,327,40,2021-09-14,6400000,5207330
81,2,18,327,40,2021-10-22,6220000,5094586
82,2,16,451,40,2021-07-13,7860000,6131983
83,2,16,451,39,2020-04-17,7500000,6351589
84,2,16,327,39,2020-11-06,5790000,4715499
85,2,15,451,37,2018-02-02,6500000,6027852
86,2,15,451,40,2021-04-23,7400000,5911758
87,2,15,327,39,2020-11-25,5580000,4544471
88,2,14,451,45,2026-05-18,5850000,5308513
89,2,14,327,38,2019-04-26,5320000,4566923
90,2,13,327,38,2019-05-10,4800000,4083302
91,2,13,451,37,2018-02-22,7100000,6584269
92,2,13,327,40,2021-02-23,5600000,4526897
93,2,12,451,42,2023-03-29,6450000,5659184
94,2,11,327,45,2026-01-19,4350000,4349841
95,2,10,451,40,2021-02-25,6580000,5319103
96,2,10,327,39,2020-05-13,5000000,4070499
97,2,10,451,38,2019-02-27,6620000,5835320
98,2,10,327,43,2024-03-14,4250000,4160964
99,2,9,327,43,2024-01-03,3312000,3219317
100,2,9,327,45,2026-05-12,3180000,2885653
101,2,9,327,40,2021-06-15,3620000,2841933
102,2,8,327,44,2025-11-14,4000000,4001428
103,2,8,327,43,2024-04-19,3930000,3833351
104,2,7,327,40,2021-01-08,5400000,4422654
105,2,7,327,40,2021-03-04,5700000,4541371
106,2,6,451,42,2023-01-09,6280000,5564744
107,2,5,327,42,2023-11-14,3980000,3891567
108,2,5,327,43,2024-07-26,4150000,4184684
109,2,5,327,45,2026-07-02,5050000,5050000
110,2,4,327,43,2024-10-21,3000000,3000027
111,2,3,451,43,2024-12-05,5000000,5162902
112,2,3,327,38,2019-09-03,5300000,4711331
113,2,3,327,39,2020-06-22,5390000,4486195
114,2,2,451,40,2021-01-20,6300000,5159764
115,2,2,327,44,2025-03-14,3600000,3878266
116,2,2,451,40,2021-07-06,6880000,5367435
117,2,1,451,45,2026-01-30,3500000,3499872
118,2,1,451,42,2023-03-02,5480000,4808113
119,15,27,853,40,2022-04-25,13000000,10240182
120,15,23,819,40,2022-05-11,11468000,9266052
121,15,22,819,43,2025-11-25,9380000,9383348
122,15,22,853,38,2020-01-02,3000000,2534705
123,15,21,819,43,2025-12-11,8000000,8147354
124,15,21,853,41,2023-08-02,10800000,9871298
125,15,20,853,36,2018-10-23,12280000,11746050
126,15,19,819,42,2024-09-27,8280000,8703511
127,15,18,853,43,2025-11-25,9200000,9203284
128,15,18,853,38,2020-12-09,11630000,9609398
129,15,17,819,39,2021-05-11,10000000,8036259
130,15,17,853,39,2021-04-20,11800000,9426857
131,15,15,819,39,2021-04-13,11380000,9091325
132,15,15,853,38,2020-09-14,12400000,10126438
133,15,14,853,37,2019-01-28,10180000,9673283
134,15,12,853,43,2025-03-12,8380000,9027741
135,15,7,819,43,2025-11-24,8800000,8803141
136,15,6,853,41,2023-02-22,10380000,9072240
137,15,4,819,38,2020-09-04,11718000,9569484
138,15,3,853,44,2026-05-19,9000000,8166943
139,15,3,853,41,2023-10-25,9600000,9314457
140,15,1,819,40,2022-01-21,9990000,8091517
141,16,30,451,38,2020-11-20,7980000,6499082
142,16,30,451,40,2022-02-22,8180000,6539238
143,16,30,327,39,2021-06-28,5920000,4647581
144,16,30,327,38,2020-12-07,6010000,4965820
145,16,29,451,42,2024-12-03,5750000,5937338
146,16,29,327,36,2018-12-06,5268000,5144597
147,16,28,327,43,2025-04-17,4180000,4473646
148,16,28,451,43,2025-08-08,6000000,6388288
149,16,28,327,37,2019-11-15,6360000,5238341
150,16,27,451,38,2020-09-24,7600000,6206527
151,16,27,327,37,2019-07-17,6000000,5108700
152,16,27,451,42,2024-07-24,6080000,6130814
153,16,26,327,41,2023-03-15,5400000,4737922
154,16,26,327,38,2020-08-10,5860000,4842649
155,16,26,451,42,2024-03-25,5750000,5629540
156,16,26,327,38,2020-11-25,5700000,4642201
157,16,25,451,36,2018-05-15,7680000,6817229
158,16,25,327,41,2023-11-17,4800000,4693347
159,16,25,451,39,2021-01-27,7370000,6036104
160,16,25,327,43,2025-03-25,5300000,5709669
161,16,24,327,39,2021-07-16,5950000,4641895
162,16,24,327,41,2023-07-28,5200000,4500063
163,16,23,327,42,2024-06-28,4350000,4319337
164,16,22,451,41,2023-09-04,6780000,6436254
165,16,22,327,42,2024-09-20,4250000,4467382
166,16,21,451,37,2019-03-07,7200000,6319613
167,16,20,451,42,2024-06-25,5538000,5498962
168,16,20,327,37,2019-11-12,5280000,4348811
169,16,20,327,42,2024-01-24,4430000,4306031
170,16,20,451,40,2022-02-22,7200000,5755809
171,16,20,327,40,2022-11-28,5300000,4808983
172,16,19,327,42,2024-10-24,4250000,4250039
173,16,19,451,37,2019-05-22,3000000,2552064
174,16,19,327,43,2025-10-08,4480000,4635287
175,16,18,451,41,2023-01-12,6400000,5671077
176,16,17,451,43,2025-11-25,5500000,5501963
177,16,17,327,37,2019-11-21,6000000,4941831
178,16,17,327,38,2020-02-05,5850000,5002648
179,16,16,451,43,2025-03-24,4830000,5203340
180,16,15,327,43,2025-11-19,4468000,4469595
181,16,14,327,39,2021-01-14,5500000,4504555
182,16,14,327,44,2026-02-13,4420000,4283474
183,16,14,451,43,2025-11-07,5800000,5802070
184,16,14,451,42,2024-12-03,6100000,6298741
185,16,13,327,41,2023-02-23,5200000,4544860
186,16,13,451,40,2022-02-09,7150000,5715838
187,16,13,327,36,2018-04-23,5620000,5141933
188,16,12,451,38,2020-06-12,7300000,6075922
189,16,11,327,38,2020-06-03,5700000,4744213
190,16,11,327,39,2021-07-05,6110000,4766719
191,16,11,327,42,2024-07-22,4100000,4134266
192,16,10,327,39,2021-12-29,6000000,4866911
193,16,10,327,36,2018-01-09,5280000,5003353
194,16,10,327,40,2022-02-24,5960000,4764530
195,16,9,451,44,2026-04-08,6130000,5774228
196,16,9,451,38,2020-05-22,7220000,5877801
197,16,9,327,38,2020-02-12,5510000,4711896
198,16,9,327,44,2026-01-21,4400000,4399839
199,16,8,451,36,2018-06-06,7360000,6250848
200,16,8,327,42,2024-10-23,4280000,4280039
201,16,8,327,44,2026-06-05,4680000,4479643
202,16,7,451,42,2024-09-27,5160000,5423927
203,16,7,451,44,2026-03-11,6000000,5707846
204,16,7,327,40,2022-10-21,4630000,4072922
205,16,6,451,41,2023-01-11,6050000,5360940
206,16,6,327,40,2022-06-08,5400000,4450095
207,16,6,451,38,2020-09-11,7000000,5716538
208,16,6,327,43,2025-12-11,4350000,4430124
209,16,6,327,38,2020-03-19,5650000,4729969
210,16,5,327,40,2022-01-21,5700000,4616782
211,16,4,451,39,2021-12-01,6500000,5272486
212,16,4,327,40,2022-06-08,5100000,4202868
213,16,4,451,39,2021-02-11,6080000,4914916
214,16,3,451,40,2022-09-28,6280000,5447630
215,16,3,451,39,2021-04-08,6000000,4793317
216,16,3,327,42,2024-09-13,3900000,4099480
217,16,2,327,38,2020-02-18,5200000,4446798
218,16,1,327,43,2025-07-15,4050000,4198967
219,16,1,451,44,2026-02-13,5380000,5213822
220,29,29,451,37,2020-06-03,8050000,6700161
221,29,29,327,35,2018-04-18,5700000,5215128
222,29,29,451,38,2021-06-18,7850000,6162755
223,29,29,327,37,2020-03-24,5750000,4813685
224,29,28,451,41,2024-09-09,5700000,5991547
225,29,28,327,39,2022-02-17,6280000,5020344
226,29,27,451,42,2025-11-04,6230000,6232224
227,29,27,327,36,2019-10-08,5580000,4876789
228,29,26,327,40,2023-03-03,5220000,4579991
229,29,25,451,37,2020-12-03,7550000,6238259
230,29,24,451,35,2018-05-28,7620000,6763969
231,29,24,451,39,2022-10-17,6700000,5893861
232,29,24,327,35,2018-08-09,5000000,4384818
233,29,23,451,37,2020-08-03,7100000,5867374
234,29,22,451,38,2021-09-06,7780000,6330161
235,29,22,327,36,2019-10-16,5300000,4632076
236,29,22,451,38,2021-05-28,7700000,6187920
237,29,20,451,39,2022-10-19,6430000,5656347
238,29,20,451,43,2026-03-06,4800000,4566276
239,29,19,327,38,2021-11-03,5210000,4209047
240,29,19,451,42,2025-04-08,5000000,5351251
241,29,19,327,36,2019-03-07,5550000,4871369
242,29,17,327,37,2020-07-13,5680000,4688441
243,29,16,327,39,2022-11-18,4980000,4518629
244,29,14,327,41,2024-02-02,4200000,4327069
245,29,13,327,40,2023-03-23,5380000,4720374
246,29,13,327,41,2024-09-17,3750000,3941807
247,29,13,327,41,2024-01-29,4200000,4082467
248,29,11,451,41,2024-04-12,6000000,5852444
249,29,11,327,38,2021-06-18,6080000,4773191
250,29,11,327,39,2022-12-01,5150000,4695368
251,29,10,451,39,2022-10-05,6680000,5876267
252,29,10,327,38,2021-04-07,5600000,4473763
253,29,9,451,35,2018-08-03,7820000,6857855
254,29,9,327,42,2025-07-31,4190000,4344117
255,29,9,451,37,2020-10-15,7280000,6010126
256,29,9,327,38,2021-06-07,5800000,4553373
257,29,8,327,41,2024-10-17,4198000,4198038
258,29,7,451,40,2023-09-04,5830000,5534419
259,29,6,327,38,2021-10-26,6080000,4979917
260,29,5,327,38,2021-09-21,5900000,4800508
261,29,5,451,37,2020-05-15,7080000,5763827
262,29,5,451,37,2020-09-08,7250000,5920700
263,29,4,451,36,2019-06-24,6800000,5989203
264,29,4,451,40,2023-03-10,6280000,5510028
265,29,4,327,37,2020-09-25,5500000,4491565
266,29,3,327,35,2018-01-12,4720000,4472694
267,29,2,451,40,2023-02-15,5968000,5216101
268,29,2,451,38,2021-10-08,6668000,5461528
269,29,2,327,42,2025-11-11,3980000,3981421
270,29,2,451,39,2022-08-01,6210000,5271204
271,29,2,327,39,2022-11-08,4750000,4309938
272,29,1,451,35,2018-06-05,2000000,1698600
273,29,1,451,41,2024-03-18,5000000,4895252
274,29,1,327,38,2021-07-20,5618000,4382885
275,30,30,451,41,2024-08-21,6220000,6485570
276,30,29,327,35,2018-02-02,5300000,4915018
277,30,28,327,41,2024-10-28,4250000,4250039
278,30,28,327,37,2020-02-13,5910000,5053957
279,30,27,451,38,2021-01-12,7750000,6347328
280,30,27,327,36,2019-04-12,5500000,4721443
281,30,27,327,37,2020-08-17,5960000,4925288
282,30,27,327,35,2018-06-19,5400000,4586220
283,30,25,327,42,2025-05-21,3850000,4056167
284,30,24,327,40,2023-10-30,4300000,4172100
285,30,23,451,42,2025-04-08,5350000,5725838
286,30,23,451,37,2020-04-23,7680000,6504027
287,30,23,327,40,2023-09-12,4900000,4651570
288,30,22,327,37,2020-09-17,5650000,4614063
289,30,22,451,40,2023-12-15,5650000,5474802
290,30,22,327,41,2024-01-19,4688000,4556811
291,30,21,327,43,2026-06-29,4689000,4488258
292,30,20,327,41,2024-10-14,2300000,2300021
293,30,19,451,42,2025-03-31,5000000,5386480
294,30,18,327,39,2022-12-08,4950000,4513024
295,30,17,451,39,2022-06-30,7000000,5768642
296,30,17,327,35,2018-06-07,5900000,5010870
297,30,17,327,41,2024-10-22,3500000,3500032
298,30,16,451,39,2022-06-16,7250000,5974665
299,30,16,327,42,2025-10-08,4310000,4459394
300,30,15,451,41,2024-07-18,2980000,3004906
301,30,15,451,37,2020-04-20,7280000,6165276
302,30,15,327,35,2018-02-22,5300000,4915018
303,30,15,327,38,2021-12-09,5730000,4647900
304,30,14,327,43,2026-06-24,4920000,4709369
305,30,14,327,37,2020-07-29,5780000,4770983
306,30,13,451,40,2023-09-25,5900000,5600870
307,30,13,451,37,2020-11-24,7280000,5928987
308,30,13,327,40,2023-11-21,4260000,4165345
309,30,12,327,37,2020-10-12,5500000,4540617
310,30,12,451,39,2022-11-07,986000,894652
311,30,11,451,40,2023-10-25,5880000,5705105
312,30,9,327,42,2025-10-31,4200000,4345582
313,30,9,451,36,2019-02-15,6000000,5288810
314,30,9,451,40,2023-03-03,5400000,4737922
315,30,9,327,42,2025-06-19,3980000,4161124
316,30,7,451,38,2021-11-01,3250000,2625605
317,30,7,327,38,2021-04-08,5300000,4234097
318,30,7,327,40,2023-11-01,4100000,4008900
319,30,6,451,39,2022-04-29,6930000,5458804
320,30,6,451,42,2025-02-14,5325000,5580516
321,30,6,327,42,2025-09-10,5000000,5122450
322,30,5,451,40,2023-05-15,6550000,5663731
323,30,5,327,35,2018-01-04,4880000,4624311
324,30,5,451,36,2019-09-13,6600000,5866941
325,30,5,327,35,2018-05-28,4600000,4083236
326,30,5,327,39,2022-04-11,5200000,4096073
327,30,4,451,38,2021-01-27,6750000,5528318
328,30,4,327,37,2020-05-28,5650000,4599664
329,30,3,327,35,2018-03-05,5360000,5031790
330,30,3,327,42,2025-04-10,3700000,3959926
331,30,2,327,41,2024-08-08,3973000,4142631
332,30,1,451,37,2020-10-27,6630000,5473508
333,37,32,284,40,2025-01-23,1600000,1685192
334,37,32,304,41,2026-06-24,4900000,4690225
335,37,31,304,34,2019-09-19,5950000,5289136
336,37,31,284,38,2023-06-15,4800000,4324150
337,37,30,304,35,2020-06-23,5800000,4827445
338,37,30,304,34,2019-10-30,5350000,4675775
339,37,29,304,39,2024-12-02,4150000,4285209
340,37,29,284,34,2019-03-13,5020000,4406175
341,37,29,304,37,2022-10-31,4800000,4222467
342,37,28,304,39,2024-12-03,4168000,4303795
343,37,28,304,36,2021-09-07,5850000,4759825
344,37,28,284,41,2026-05-06,4500000,4083472
345,37,27,304,33,2018-03-06,5420000,5088116
346,37,26,284,36,2021-02-26,5600000,4526897
347,37,26,304,40,2025-06-17,3800000,3972932
348,37,26,284,37,2022-01-21,5540000,4487188
349,37,26,304,36,2021-03-17,5600000,4461698
350,37,25,284,35,2020-07-10,5450000,4498592
351,37,25,304,35,2020-10-08,5290000,4367248
352,37,24,284,40,2025-07-23,3920000,4064185
353,37,23,284,35,2020-06-04,5700000,4744213
354,37,23,304,37,2022-11-07,4800000,4355305
355,37,23,284,41,2026-02-09,4268000,4136169
356,37,23,304,34,2019-08-21,5900000,5258931
357,37,23,304,35,2020-02-26,5200000,4446798
358,37,22,304,36,2021-06-29,2000000,1570129
359,37,22,304,41,2026-05-19,4690000,4255885
360,37,21,284,33,2018-01-08,4820000,4567455
361,37,21,284,33,2018-04-24,5180000,4739362
362,37,21,284,40,2025-08-12,4000000,4258859
363,37,21,304,35,2020-03-02,3750000,3139360
364,37,20,304,39,2024-06-18,4410000,4378914
365,37,20,284,33,2018-10-30,896000,857041
366,37,20,304,38,2023-01-18,4580000,4058364
367,37,19,284,35,2020-08-20,5200000,4297232
368,37,19,304,37,2022-04-22,5750000,4529311
369,37,19,304,36,2021-03-18,5650000,4501534
370,37,18,284,36,2021-09-24,5680000,4621506
371,37,18,284,34,2019-03-14,4800000,4213076
372,37,18,304,39,2024-05-14,3700000,3752489
373,37,18,304,33,2018-09-03,5600000,5174175
374,37,18,284,41,2026-02-26,4000000,3876447
375,37,18,304,36,2021-11-22,5690000,4596829
376,37,17,284,37,2022-02-04,5250000,4196944
377,37,17,284,36,2021-09-08,5510000,4483186
378,37,16,284,40,2025-04-25,4150000,4441538
379,37,16,304,38,2023-02-15,5180000,4527380
380,37,15,284,36,2021-05-26,5450000,4379761
381,37,15,304,35,2020-09-14,5490000,4483399
382,37,15,304,39,2024-05-02,4238000,4298121
383,37,14,284,41,2026-05-26,4550000,4128844
384,37,14,304,34,2019-06-25,5600000,4932285
385,37,14,304,36,2021-04-16,5500000,4393874
386,37,14,304,41,2026-02-24,4395000,4259247
387,37,13,304,37,2022-09-16,5120000,4441380
388,37,13,284,39,2024-07-31,4340000,4376272
389,37,13,304,39,2024-09-27,4068000,4276073
390,37,12,284,33,2018-05-11,5330000,4731228
391,37,12,304,41,2026-03-02,4418000,4202877
392,37,12,284,35,2020-02-17,5260000,4498108
393,37,11,284,33,2018-02-08,4860000,4506979
394,37,11,304,35,2020-12-10,5700000,4709679
395,37,11,304,38,2023-11-29,4180000,4087123
396,37,11,284,35,2020-09-17,5100000,4164906
397,37,11,284,40,2025-10-02,3820000,3952410
398,37,11,304,35,2020-05-06,5380000,4379857
399,37,10,284,40,2025-05-30,3800000,4003489
400,37,10,304,36,2021-11-24,5500000,4443332
401,37,10,284,37,2022-06-09,5250000,4326482
402,37,10,304,35,2020-03-18,5590000,4679739
403,37,9,284,37,2022-11-24,4450000,4037731
404,37,9,304,41,2026-06-29,4460000,4269062
405,37,8,304,36,2021-07-06,5330000,4158202
406,37,7,284,35,2020-08-04,5300000,4379871
407,37,7,284,34,2019-02-26,4940000,4354453
408,37,7,284,40,2025-12-12,3930000,4002388
409,37,7,284,37,2022-07-08,5250000,4475656
410,37,7,304,37,2022-12-05,4080000,3719826
411,37,6,284,38,2023-09-07,4500000,4271850
412,37,6,284,38,2023-02-10,4300000,3758250
413,37,6,284,33,2018-10-26,6000000,5739112
414,37,6,304,37,2022-10-11,4500000,3958563
415,37,5,284,35,2020-05-18,5250000,4274024
416,37,5,304,33,2018-07-17,5280000,4550848
417,37,4,284,39,2024-04-08,4100000,3999170
418,37,3,284,34,2019-02-27,4260000,3755055
419,37,3,284,35,2020-05-18,4990000,4062358
420,37,3,284,33,2018-02-27,5168000,4792606
421,37,3,304,34,2019-05-24,4700000,3998233
422,37,3,304,35,2020-06-30,5300000,4411286
423,38,32,284,36,2021-04-27,5700000,4553651
424,38,32,284,34,2019-03-15,2700000,2369855
425,38,32,284,41,2026-03-19,4310000,4100136
426,38,32,304,36,2021-11-23,5999000,4846463
427,38,31,284,36,2021-06-22,5600000,4396360
428,38,31,304,33,2018-03-09,5100000,4787710
429,38,30,304,35,2020-12-08,5500000,4544427
430,38,30,284,35,2020-12-02,5500000,4544427
431,38,30,304,35,2020-10-09,5700000,4705731
432,38,29,284,34,2019-11-11,3800000,3129826
433,38,29,304,40,2025-07-31,3800000,3939772
434,38,29,284,36,2021-12-22,5200000,4217989
435,38,29,304,37,2022-04-08,5580000,4395401
436,38,28,284,36,2021-02-17,5500000,4446059
437,38,28,284,34,2019-10-25,5340000,4667035
438,38,28,304,33,2018-06-19,5800000,4925940
439,38,27,284,38,2023-03-23,5000000,4386965
440,38,27,284,36,2021-03-29,5380000,4286417
441,38,27,284,39,2024-05-28,4300000,4361001
442,38,27,304,36,2021-08-11,5730000,4549026
443,38,26,284,38,2023-09-14,4450000,4224385
444,38,26,304,33,2018-08-01,5850000,5130237
445,38,24,284,34,2019-11-11,5200000,4282920
446,38,24,284,37,2022-04-11,5220000,4111827
447,38,24,304,37,2022-04-29,5280000,4159089
448,38,23,304,35,2020-06-12,5850000,4869061
449,38,23,284,35,2020-02-21,5350000,4575071
450,38,23,284,34,2019-03-15,4790000,4204298
451,38,23,304,34,2019-07-16,5930000,5049098
452,38,22,304,35,2020-04-16,5450000,4615488
453,38,22,304,40,2025-02-17,4000000,4191937
454,38,21,304,35,2020-03-09,5120000,4286273
455,38,20,284,37,2022-11-25,4150000,3765524
456,38,20,284,41,2026-05-07,3990000,3620678
457,38,20,304,41,2026-05-29,4700000,4264959
458,38,19,304,39,2024-04-12,4450000,4340563
459,38,19,284,35,2020-05-15,5380000,4379857
460,38,19,304,37,2022-06-06,5600000,4614914
461,38,19,304,34,2019-03-26,5090000,4467616
462,38,18,304,37,2022-03-14,5180000,4209701
463,38,17,284,40,2025-08-29,3880000,4131093
464,38,17,304,34,2019-12-02,5550000,4900645
465,38,17,304,39,2024-01-11,4050000,3936665
466,38,16,284,35,2020-10-16,5500000,4540617
467,38,16,284,36,2021-10-25,5000000,4095327
468,38,16,304,40,2025-02-05,3500000,3667945
469,38,16,304,37,2022-02-11,5380000,4300868
470,38,15,284,40,2025-07-10,4130000,4281910
471,38,15,284,41,2026-04-28,4600000,4333026
472,38,15,304,33,2018-11-07,5468000,5285234
473,38,15,304,38,2023-03-08,4880000,4281678
474,38,14,284,38,2023-03-23,4880000,4281678
475,38,14,304,35,2020-04-28,5300000,4488456
476,38,14,284,36,2021-02-10,5300000,4284384
477,38,13,284,38,2023-03-01,4780000,4193938
478,38,13,284,34,2019-03-01,5300000,4651938
479,38,12,284,36,2021-06-01,5450000,4278601
480,38,12,284,40,2025-10-10,4050000,4190382
481,38,12,304,35,2020-05-06,5450000,4436844
482,38,11,284,38,2023-11-17,4168000,4075389
483,38,10,284,34,2019-11-29,5250000,4324102
484,38,10,284,35,2020-02-19,5250000,4489556
485,38,10,304,36,2021-10-22,5730000,4693244
486,38,9,304,37,2022-07-26,5180000,4415980
487,38,9,304,33,2018-01-11,4600000,4358982
488,38,9,284,36,2021-03-15,5380000,4286417
489,38,9,304,33,2018-05-10,5280000,4686845
490,38,8,304,36,2021-02-10,4850000,3920616
491,38,8,284,37,2022-04-29,5220000,4111827
492,38,7,304,35,2020-11-20,5180000,4218702
493,38,7,304,40,2025-07-16,3830000,3970875
494,38,7,284,36,2021-08-11,5540000,4398186
495,38,6,284,37,2022-03-09,5200000,4225954
496,38,6,304,37,2022-09-28,4850000,4207167
497,38,5,304,36,2021-03-30,5280000,4206744
498,38,5,304,35,2020-10-27,5050000,4169112
499,38,4,284,35,2020-09-16,5030000,4107741
500,38,4,304,37,2022-09-29,4350000,3773438
501,38,3,284,38,2023-05-18,4800000,4150520
502,38,3,304,36,2021-05-20,5000000,4018130
503,27,28,688,34,2019-04-04,4800000,4120532
504,27,27,688,35,2020-11-17,9600000,7818445
505,27,27,688,37,2022-06-01,8880000,7317935
506,27,27,688,37,2022-08-04,10280000,8725922
507,27,27,688,38,2023-11-10,2500000,2444451
508,27,25,688,39,2024-10-15,1525000,1525014
509,27,23,688,40,2025-10-31,8100000,8380764
510,27,22,688,35,2020-10-09,9980000,8239157
511,27,22,688,33,2018-02-09,8900000,8253521
512,27,22,688,34,2019-05-16,9700000,8251673
513,27,20,688,35,2020-05-04,9888000,8049819
514,27,19,688,36,2021-09-03,10280000,8364274
515,27,18,688,39,2024-06-12,8200000,8142198
516,27,17,688,40,2025-05-13,8000000,8428398
517,27,16,688,41,2026-07-17,8750000,8750000
518,27,13,688,39,2024-08-23,6900000,7194603
519,27,13,688,39,2024-05-09,7700000,7809234
520,27,10,688,39,2024-10-22,7200000,7200066
521,27,9,688,36,2021-10-26,9980000,8174272
522,27,8,688,40,2025-10-02,6700000,6932237
523,27,7,688,40,2025-03-27,6920000,7454889
524,27,6,688,39,2024-04-30,7000000,6827851
525,27,4,688,39,2024-02-07,6500000,6696654
526,27,3,688,37,2022-09-02,8830000,7659646
527,27,2,688,40,2025-06-20,6600000,6900356
528,27,1,688,41,2026-06-05,7150000,6843900
529,28,28,688,39,2024-05-13,8280000,8397462
530,28,27,688,38,2023-03-27,8650000,7589449
531,28,27,688,38,2023-02-27,8700000,7603900
532,28,26,688,40,2025-03-28,7530000,8112039
533,28,24,688,39,2024-04-18,8080000,7881291
534,28,23,688,38,2023-09-25,7790000,7395047
535,28,23,688,38,2023-03-07,9168000,8043939
536,28,21,688,36,2021-01-21,9920000,8124580
537,28,20,688,37,2022-09-27,9938000,8620788
538,28,19,688,36,2021-08-03,9980000,7923086
539,28,19,688,39,2024-01-30,7800000,7581725
540,28,15,688,41,2026-02-24,6980000,6764401
541,28,10,688,35,2020-08-07,9680000,7999462
542,28,9,688,40,2025-11-13,7720000,7722755
543,28,8,688,36,2021-07-12,10000000,7801504
544,28,6,688,41,2026-03-20,7730000,7353608
545,28,3,688,36,2021-02-17,9068000,7330339
546,24,30,326,36,2022-04-25,5500000,4332385
547,24,30,326,38,2024-10-28,5088000,5088047
548,24,30,447,35,2021-05-03,8000000,6429007
549,24,28,447,36,2022-11-02,6260000,5680044
550,24,28,326,32,2018-02-14,5300000,4915018
551,24,27,447,37,2023-07-27,7250000,6274127
552,24,27,326,32,2018-04-27,5800000,5306622
553,24,27,326,32,2018-10-31,6000000,5739112
554,24,26,447,37,2023-01-10,6200000,5493855
555,24,26,326,40,2026-07-14,4960000,4960000
556,24,26,447,40,2026-02-06,6600000,6396138
557,24,26,326,35,2021-05-17,6150000,4942299
558,24,25,447,39,2025-02-20,5400000,5659115
559,24,22,447,35,2021-05-06,7980000,6412935
560,24,22,326,32,2018-03-19,5560000,5219543
561,24,19,447,36,2022-10-13,6340000,5577175
562,24,19,326,38,2024-10-15,4150000,4150038
563,24,19,447,32,2018-06-14,7900000,6709470
564,24,19,326,38,2024-09-10,4180000,4393801
565,24,18,326,38,2024-12-03,4330000,4471073
566,24,17,326,34,2020-07-23,5600000,4622406
567,24,17,447,38,2024-11-27,5480000,5592609
568,24,17,447,36,2022-04-21,7440000,5860535
569,24,16,326,38,2024-02-27,4500000,4636145
570,24,15,447,39,2025-03-31,5220000,5623485
571,24,15,447,32,2018-05-03,7450000,6613067
572,24,14,447,34,2020-12-17,7200000,5949068
573,24,14,326,39,2025-06-27,4070000,4255219
574,24,14,326,36,2022-01-03,5900000,4778774
575,24,14,326,40,2026-06-16,4900000,4690225
576,24,13,447,39,2025-11-13,5000000,5001785
577,24,13,326,38,2024-03-27,4280000,4190336
578,24,13,326,34,2020-11-20,5780000,4707355
579,24,13,447,35,2021-01-12,7450000,6101625
580,24,12,447,32,2018-04-26,6000000,5489609
581,24,12,326,38,2024-09-05,4220000,4435847
582,24,12,447,40,2026-06-04,6000000,5743133
583,24,11,447,33,2019-01-28,6000000,5701346
584,24,11,326,33,2019-12-06,5400000,4768196
585,24,10,447,37,2023-04-28,5000000,4299481
586,24,10,447,32,2018-10-12,6880000,6580849
587,24,10,326,33,2019-02-18,5000000,4407341
588,24,9,326,35,2021-05-31,5630000,4524414
589,24,9,447,39,2025-02-10,5450000,5711514
590,24,8,447,32,2018-10-22,7080000,6772152
591,24,8,326,32,2018-10-02,5950000,5691286
592,24,8,326,38,2024-01-10,4100000,3985265
593,24,7,326,34,2020-08-26,5400000,4462510
594,24,7,447,37,2023-05-31,6695000,5789111
595,24,6,326,37,2023-04-14,4730000,4067309
596,24,6,326,38,2024-04-12,3900000,3804089
597,24,6,326,33,2019-12-02,1830000,1615888
598,24,5,326,34,2020-07-02,5638000,4653772
599,24,4,447,33,2019-04-17,7100000,6094954
600,24,4,326,37,2023-02-23,4450000,3889351
601,24,4,326,38,2024-11-19,4050000,4133224
602,24,4,447,33,2019-11-27,6900000,5683105
603,24,4,447,38,2024-06-05,5100000,5064050
604,24,3,447,40,2026-03-20,5800000,5517584
605,24,2,326,33,2019-04-25,4495000,3858707
606,24,1,447,35,2021-03-11,5950000,4740554
607,24,1,326,39,2025-10-10,3820000,3952410
608,24,1,326,37,2023-04-20,4618000,3971000
609,24,1,447,36,2022-06-30,6080000,5010478
610,24,1,447,35,2021-03-26,6000000,4780390
611,25,27,688,35,2021-02-23,10000000,8083744
612,25,27,688,35,2021-04-23,6000000,4793317
613,25,24,688,40,2026-01-12,7600000,7599722
614,25,24,688,38,2024-06-07,8500000,8440083
615,25,20,688,35,2021-05-13,10000000,8036259
616,25,20,688,34,2020-10-20,9350000,7719050
617,25,19,688,38,2024-10-30,6000000,6000055
618,25,18,688,37,2023-11-14,5000000,4888903
619,25,17,688,37,2023-10-05,7900000,7665022
620,25,16,688,37,2023-02-10,9150000,7997205
621,25,15,688,35,2021-12-03,8380000,6797452
622,25,14,688,35,2021-12-02,7290000,5913296
623,25,13,688,37,2023-05-19,8500000,7349879
624,25,12,688,35,2021-03-17,10000000,7967317
625,25,12,688,35,2021-06-01,9800000,7693630
626,25,11,688,37,2023-02-01,8280000,7236815
627,25,10,688,35,2021-03-02,9950000,7927481
628,25,9,688,34,2020-09-23,9988000,8156683
629,25,8,688,40,2026-05-22,8350000,7577109
630,25,7,688,34,2020-04-02,9650000,8172378
631,25,5,688,38,2024-01-16,7200000,6998515
632,25,2,688,38,2024-10-15,6398000,6398059
633,25,1,688,35,2021-09-14,8280000,6736984
634,34,35,707,34,2022-05-16,11650000,9413106
635,34,34,707,34,2022-02-08,9978000,7976591
636,34,33,707,32,2020-09-01,9900000,8084818
637,34,32,707,36,2024-11-25,7950000,8113366
638,34,32,707,35,2023-07-04,9700000,8394349
639,34,28,707,35,2023-11-27,8980000,8780469
640,34,28,707,32,2020-12-07,10000000,8262595
641,34,27,707,34,2022-04-01,9180000,7231144
642,34,25,707,35,2023-04-17,9630000,8280800
643,34,25,707,32,2020-11-03,10000000,8144213
644,34,25,707,35,2023-04-26,9330000,8022831
645,34,25,707,38,2026-06-10,9350000,8949715
646,34,24,707,37,2025-01-10,8000000,8425962
647,34,22,707,36,2024-11-20,7680000,7837818
648,34,21,707,37,2025-10-23,8000000,8277298
649,34,19,707,38,2026-01-14,8500000,8499689
650,34,17,707,32,2020-11-24,9850000,8022050
651,34,17,707,34,2022-12-09,2100000,1914616
652,34,13,707,36,2024-07-15,8000000,8066861
653,34,13,707,38,2026-05-18,8600000,7803968
654,34,10,707,38,2026-04-09,3800000,3579456
655,34,8,707,33,2021-04-28,9730000,7773163
656,34,4,707,35,2023-05-09,8330000,7202882
657,34,3,707,33,2021-10-12,8712000,7135697
658,34,3,707,31,2019-05-17,8200000,6975641
659,35,36,707,34,2022-05-03,11330000,9154549
660,35,35,707,31,2019-12-11,6000000,5297995
661,35,35,707,34,2022-01-10,11200000,9071571
662,35,34,707,36,2024-12-04,8120000,8384553
663,35,30,707,33,2021-02-25,8900000,7194532
664,35,28,707,33,2021-11-29,10300000,8321149
665,35,26,707,33,2021-03-16,10770000,8580801
666,35,24,707,33,2021-07-19,10400000,8113565
667,35,23,707,34,2022-04-28,9920000,7814046
668,35,22,707,36,2024-09-11,7800000,8198960
669,35,21,707,37,2025-04-24,3900000,4173976
670,35,19,707,37,2025-08-25,7500000,7985360
671,35,18,707,34,2022-05-20,9850000,7958721
672,35,17,707,36,2024-06-28,7300000,7248542
673,35,15,707,31,2019-11-15,9800000,8071657
674,35,14,707,35,2023-02-06,8990000,7857364
675,35,12,707,36,2024-04-12,8080000,7881291
676,35,9,707,32,2020-09-08,9990000,8158316
677,35,8,707,33,2021-06-21,10700000,8400188
678,35,3,707,35,2023-05-12,8800000,7609287
