PRIVATE  DOMESTIC  -  AVERAGE  PRICES  BY  CLASS [MONTHLY],,,,,,,,,,,,,,,,,,,,,,,,,,,,,,
Month,Class A Hong Kong,Class A Hong Kong - Remarks,Class A Kowloon,Class A Kowloon - Remarks,Class A New Territories,Class A New Territories - Remarks,Class B Hong Kong,Class B Hong Kong - Remarks,Class B Kowloon,Class B Kowloon - Remarks,Class B New Territories,Class B New Territories - Remarks,Class C Hong Kong,Class C Hong Kong - Remarks,Class C Kowloon,Class C Kowloon - Remarks,Class C New Territories,Class C New Territories - Remarks,Class D Hong Kong,Class D Hong Kong - Remarks,Class D Kowloon,Class D Kowloon - Remarks,Class D New Territories,Class D New Territories - Remarks,Class E Hong Kong,Class E Hong Kong - Remarks,Class E Kowloon,Class E Kowloon - Remarks,Class E New Territories,Class E New Territories - Remarks
01-1999,42663,,36842,,36679,,50141,,37945,,35797,,60466,,45796,,43298,,61445,,56292,,50457,,72978,,62551,Z,50968,
02-1999,43068,,35834,,36802,,47950,,38428,,35117,,60486,,47357,,41314,,63976,,54817,,46759,,66326,,59774,Z,45945,
03-1999,42683,,36731,,36992,,51060,,38254,,35948,,62962,,45549,,41377,,63983,,51646,,50737,,74608,,61790,Z,46120,
04-1999,43223,,36543,,36485,,50189,,39445,,36068,,61196,,45198,,40029,,67599,,48628,,43915,,73489,,75745,Z,46953,Z
05-1999,43316,,36449,,38035,,50650,,37945,,36757,,65221,,45858,,42599,,68728,,50312,,48495,,78077,,86018,Z,50454,
06-1999,43288,,36250,,36719,,49864,,37743,,36384,,62609,,44597,,42890,,64715,,52227,,46993,,84812,,77935,Z,45665,
07-1999,42139,,35394,,36064,,50941,,37189,,35798,,61009,,44754,,39707,,71697,,54215,,48568,,79126,,66958,Z,48253,Z
08-1999,41998,,34548,,34919,,50332,,36339,,35035,,58748,,40275,,41525,,65013,,46020,,48060,,80514,,76367,Z,44656,Z
09-1999,40428,,32982,,33985,,47243,,34233,,33732,,58385,,39502,,38729,,66689,,48738,,45025,,77586,,64729,Z,46018,Z
10-1999,39151,,34207,,34079,,47020,,34568,,33359,,57482,,42809,,42504,,64406,,49622,,47862,,81675,,58853,Z,44525,
11-1999,38034,,33152,,32165,,44567,,34859,,32581,,57161,,41374,,39227,,63750,,46111,,45452,,80433,,106211,Z,52201,Z
12-1999,39408,,34339,,33419,,48034,,36934,,32523,,58886,,42386,,40687,,65295,,47200,,44315,,81539,,87765,Z,47884,
01-2000,39443,,33390,,34199,,48927,,35433,,34248,,59387,,43041,,39812,,68049,,47369,,46486,,82998,,83864,Z,55588,
02-2000,40426,,34402,,33652,,47088,,34902,,34038,,61421,,40086,,38039,,66025,,49315,,46877,,76964,Z,72174,Z,32794,Z
03-2000,37748,,32558,,33314,,45595,,31843,,32806,,57034,,41580,,38792,,64493,,51031,,44971,,79652,,57860,Z,47701,
04-2000,39272,,32064,,33295,,45075,,33574,,32275,,57195,,41421,,42444,,65343,,50063,,40951,,77790,,57519,Z,49587,Z
05-2000,37366,,31191,,31671,,43936,,32345,,31922,,51767,,36972,,39316,,63967,,49664,,40027,,75176,,70041,Z,45272,Z
06-2000,33972,,29843,,29840,,41116,,29948,,30361,,51542,,36325,,38080,,57763,,43103,,42034,,88226,,63397,Z,45691,Z
07-2000,34988,,30525,,31009,,41722,,31043,,30558,,49087,,34957,,36119,,59798,,41730,,42021,,69709,,-,,42440,Z
08-2000,33832,,31034,,30884,,42141,,31766,,30578,,53516,,39383,,34710,,64332,,44050,,38520,,74217,,72255,Z,41660,
09-2000,33816,,30230,,31267,,43321,,32441,,30690,,59390,,36607,,35313,,62051,,43353,,38729,,80915,,76907,Z,45768,
10-2000,34698,,30538,,30572,,43271,,30471,,30003,,54598,,37717,,35474,,63146,,43958,,39393,,89606,,82317,Z,38395,
11-2000,33406,,28172,,28440,,41622,,28237,,29429,,50733,,38391,,35867,,58857,,48043,,39166,,86264,,69554,Z,41118,Z
12-2000,33203,,28094,,28773,,39093,,28123,,28979,,50030,,34873,,33290,,56291,,44212,,36949,,84189,Z,51867,Z,41001,
01-2001,31920,,28115,,27699,,40075,,28792,,28758,,51283,,33593,,35327,,59323,,43509,,38053,,71743,,71798,Z,30807,Z
02-2001,33026,,27372,,28021,,39455,,29117,,28388,,49963,,35052,,33855,,55810,,46579,Z,33478,,70098,,41096,Z,32820,Z
03-2001,33460,,28065,,28832,,41489,,29118,,29080,,50282,,33665,,34353,,58803,,45809,,35123,,69598,,53520,Z,37543,
04-2001,32332,,27921,,28706,,39141,,27647,,28010,,54391,,34132,,33407,,62783,,46234,,37850,,69443,,57825,Z,36738,Z
05-2001,32679,,27423,,28755,,38975,,28480,,27997,,54581,,34894,,34880,,61673,,32610,,38105,,67545,,88662,Z,34375,Z
06-2001,33050,,27277,,28343,,41718,,32114,,28736,,51818,,38272,,33944,,54828,,38301,,34820,,79298,,58496,Z,36180,Z
07-2001,32495,,26356,,28684,,40148,,28834,,28999,,48544,,32089,,32993,,59368,,38717,,31488,,75987,,62152,Z,32777,Z
08-2001,32722,,26375,,28091,,38168,,28334,,28412,,46882,,34087,,31049,,52164,,46006,,33557,,65254,,59591,Z,35349,Z
09-2001,30410,,25464,,27632,,39760,,27496,,27650,,44469,,31979,,31601,,57466,,41290,,34693,,77209,Z,60418,Z,27566,Z
10-2001,29752,,24896,,26294,,35257,,26543,,26647,,44183,,33462,,29803,,50240,,40553,,31518,,62255,Z,56864,Z,35101,
11-2001,30671,,24650,,26685,,35706,,26168,,25715,,46276,,32168,,29501,,53071,,36541,,33570,,67286,,51206,Z,43616,Z
12-2001,30071,,25240,,26157,,35960,,26638,,25844,,44732,,31196,,30965,,54884,,42157,,33101,,67324,,63457,Z,38882,Z
01-2002,31248,,25122,,25881,,36588,,26590,,25167,,41930,,31094,,30097,,47563,,42541,,33225,,68014,,48743,Z,38444,Z
02-2002,31350,,25496,,26055,,34514,,26555,,25704,,45290,,33524,,30889,,50845,,39722,,35079,,71540,,38674,Z,34801,Z
03-2002,30280,,24173,,25502,,35859,,25852,,24835,,41590,,31090,,28614,,49398,,37940,,30409,,71745,,53416,Z,32982,Z
04-2002,30433,,24138,,24984,,35584,,26254,,24962,,44198,,29650,,29022,,54226,,35547,,34546,,63272,,45062,Z,35427,
05-2002,30071,,23886,,25047,,34911,,25792,,26347,,44152,,32565,,30964,,54564,,38830,,35779,,70221,,46094,Z,41927,
06-2002,30196,,23173,,25570,,34531,,25287,,25511,,45505,,32402,,31648,,52225,,36463,,31484,,69572,,54835,Z,35891,Z
07-2002,29128,,23111,,24728,,33724,,24990,,25099,,41528,,32072,,29105,,51299,,41824,,32086,,67674,,50385,Z,32363,Z
08-2002,27738,,23070,,23964,,33470,,24370,,23731,,40592,,29072,,27211,,49339,,35098,Z,28674,,61565,,38841,Z,33759,Z
09-2002,26773,,22266,,23275,,33324,,22697,,24223,,38916,,30375,,28789,,48872,,34566,Z,31595,,59100,,46571,Z,34596,Z
10-2002,26037,,21713,,22789,,32038,,22426,,23118,,41412,,28999,,29550,,56052,,33897,Z,29560,,63298,,47268,Z,27461,
11-2002,26191,,21703,,21976,,31291,,21986,,22770,,38403,,30104,,28742,,52033,,35901,,29533,,61951,,98749,Z,34433,Z
12-2002,25918,,21363,,22163,,31542,,22520,,22672,,40112,,26914,,28914,,52956,,32476,,29165,,61191,,48057,Z,37626,
01-2003,26289,,21307,,21542,,31710,,22346,,21872,,41088,,28985,,27808,,48093,,34694,,31664,,65710,,56170,Z,36422,
02-2003,24598,,20955,,21093,,30682,,22719,,21282,,39575,,27556,,24894,,52901,,37744,Z,27896,,62588,,-,,40133,Z
03-2003,24991,,20754,,21161,,27756,,20056,,21136,,38949,,25752,,25562,,42497,,32470,Z,30805,,65928,,46428,Z,30910,
04-2003,25456,,20142,,20539,,27808,,19834,,20193,,36005,,27300,,26024,,40724,,32503,,29594,,63784,,37160,Z,31449,Z
05-2003,24497,,20374,,19992,,28054,,20503,,20407,,36030,,25868,,24619,,47856,,33665,Z,26639,,66009,,20447,Z,30129,Z
06-2003,23904,,20061,,19840,,27661,,21047,,20197,,38444,,23706,,24439,,45624,,35854,Z,29310,,54339,,48525,Z,27720,Z
07-2003,23363,,19768,,20048,,28857,,20864,,20543,,36796,,25737,,26681,,50463,,33135,,25747,,67939,,45543,Z,33936,
08-2003,23875,,20232,,19724,,28883,,21027,,20301,,38646,,25659,,24445,,43275,,34927,,28725,,65633,,42899,Z,31943,Z
09-2003,27009,,20772,,20413,,31721,,21930,,21394,,39358,,29663,,26817,,52827,,32407,,29026,,64012,,46845,Z,32477,
10-2003,27276,,20858,,21330,,32310,,23598,,21886,,42453,,29882,,27775,,51320,,33720,,31375,,67625,,63244,Z,37834,
11-2003,27280,,21706,,21592,,33511,,23711,,22272,,43756,,30277,,30250,,48844,,37829,,34767,,67722,,67799,Z,37238,
12-2003,27698,,22408,,22428,,32995,,23844,,23006,,45749,,31338,,28593,,49704,,33060,,35585,,76151,,71822,Z,36417,
01-2004,30004,,22261,,23848,,36364,,29286,,24360,,51315,,37373,,30813,,56141,,40227,,36894,,81387,,35310,Z,42115,
02-2004,31530,,24064,,24506,,39833,,30241,,25637,,53243,,41640,,32986,,60261,,49792,,38271,,83250,,85361,Z,40133,
03-2004,32431,,24703,,26459,,42355,,33006,,27091,,56746,,49703,,35492,,69537,,50727,,40788,,97765,,67382,Z,44498,
04-2004,31875,,25699,,26484,,41253,,33599,,28509,,54394,,46031,,35027,,63681,,53913,,42067,,84343,,85668,Z,35825,
05-2004,30567,,25224,,26792,,39250,,30497,,27316,,53082,,42681,,35255,,64962,,48208,,39843,,87045,,63945,Z,37353,
06-2004,29761,,23879,,25570,,36916,,28114,,26588,,51537,,42520,,33190,,59622,,49110,,38628,,100231,,109496,Z,39263,Z
07-2004,30974,,23985,,25222,,38168,,28046,,26806,,52385,,40974,,33083,,61365,,69039,,40385,,89732,,54205,Z,30742,Z
08-2004,31658,,24898,,26703,,40681,,29849,,28241,,55824,,46790,,35094,,62324,,61484,,37427,,93012,,72419,Z,47197,
09-2004,33581,,25840,,27505,,43786,,35468,,29326,,60879,,48437,,37652,,63887,,70356,,44489,,101521,,62610,Z,52821,
10-2004,35114,,27245,,28620,,46766,,37975,,30489,,61993,,55707,,39228,,77171,,76898,,48155,,104086,,98480,Z,47595,
11-2004,34647,,26416,,27927,,43931,,35519,,29472,,63185,,50437,,37540,,74848,,68828,,45358,,118877,,78269,Z,43145,
12-2004,35652,,26485,,27560,,45415,,35715,,29372,,61242,,48400,,38754,,73354,,76020,,42863,,100033,,94371,Z,54250,
01-2005,37045,,27202,,28514,,47389,,36457,,30268,,64117,,52845,,38433,,77357,,67460,,47114,,101467,,82354,Z,51752,
02-2005,38486,,29024,,29461,,48276,,40266,,32406,,62202,,55889,,39691,,78003,,69440,,46902,,117761,,83341,Z,52005,
03-2005,38900,,30511,,31980,,51771,,43329,,32891,,67734,,65045,,41446,,83831,,76113,,49730,,103097,,76960,Z,49826,
04-2005,39826,,31053,,31364,,50275,,41465,,33155,,68398,,60970,,42155,,85374,,74682,,52999,,129535,,94248,Z,61180,
05-2005,39622,,31073,,31014,,50974,,39543,,34220,,68972,,55030,,43575,,85991,,70047,,49389,,130692,,79637,Z,67780,
06-2005,38906,,29418,,30559,,48338,,36050,,32303,,66566,,53217,,41745,,85537,,69603,,46907,,114575,,120309,Z,58914,
07-2005,39331,,29349,,29680,,47693,,38280,,33040,,67953,,56884,,42199,,81371,,71404,,53689,,120889,,69132,Z,55611,
08-2005,39992,,30365,,31054,,49893,,39116,,34348,,66456,,52959,,43031,,80122,,83979,,51960,,108273,,153266,Z,55938,
09-2005,39830,,31036,,30733,,48925,,39433,,32889,,69136,,56430,,43391,,85150,,73919,,51888,,113971,,125830,Z,64606,
10-2005,40632,,30661,,29452,,49372,,34611,,31580,,68951,,53211,,41841,,77582,,72013,,49110,,134657,,115723,Z,76565,Z
11-2005,37186,,28705,,27829,,45021,,31104,,30640,,61691,,46952,,40122,,83484,,69108,,49075,,99380,,92995,Z,48005,
12-2005,39303,,28081,,30025,,47630,,36270,,32098,,65761,,55737,,40083,,82771,,69862,,50931,,112012,,107191,Z,49348,Z
01-2006,40024,,28943,,29874,,49657,,38392,,32532,,65560,,54375,,41256,,84337,,72873,,45247,,138664,,86517,Z,52660,Z
02-2006,41882,,28326,,29682,,49519,,39483,,31730,,66543,,56540,,40083,,76207,,69884,,51243,,114667,,104601,Z,65209,Z
03-2006,41219,,30214,,29896,,52860,,37687,,31857,,69824,,58194,,41975,,86836,,76766,,45590,,118955,,109771,Z,48578,
04-2006,43048,,29174,,29925,,52764,,39302,,32630,,69582,,59558,,42651,,86946,,85353,,43839,,108680,,108732,Z,60194,
05-2006,43767,,30639,,29284,,52955,,38482,,31885,,71037,,59756,,41799,,86833,,76919,,50371,,124265,,101315,Z,54390,
06-2006,42897,,30574,,28325,,50377,,38910,,30828,,73963,,55686,,42906,,86287,,75724,,45431,,118526,,101109,Z,55254,Z
07-2006,40559,,30001,,28527,,51122,,37865,,30795,,66739,,56835,,39257,,84452,,76292,,50308,,145366,,67665,Z,54332,
08-2006,44119,,30400,,28703,,53547,,37992,,30556,,67419,,60936,,41871,,86104,,79203,,49444,,129472,,117118,Z,63235,
09-2006,43659,,30503,,28672,,53387,,36527,,30215,,69813,,56434,,41984,,80288,,67285,,51820,,121137,,99372,Z,57344,
10-2006,43343,,29977,,28176,,52579,,37623,,29964,,70843,,51539,,41190,,92118,,78217,,50922,,117339,,90214,Z,58246,
11-2006,43671,,30055,,28150,,52380,,37571,,30651,,70124,,55213,,41860,,90805,,74597,,45869,,112425,,76397,Z,53109,
12-2006,44724,,31369,,27847,,53369,,37533,,30366,,69144,,57425,,40836,,86343,,69964,,54012,,111958,,104510,Z,57550,
01-2007,45487,,31921,,28675,,53951,,39581,,30963,,73518,,61864,,39076,,89230,,81801,,48728,,114400,,105955,Z,70225,
02-2007,46131,,32196,,29940,,55735,,43605,,32042,,76990,,64523,,40631,,90503,,78097,,58112,,126550,,112314,Z,58852,
03-2007,46548,,33719,,30960,,54451,,41294,,31687,,75657,,58256,,41912,,91840,,79365,,55463,,131295,,71164,Z,70206,
04-2007,48101,,33602,,30971,,55472,,41009,,32166,,77098,,60684,,42808,,97791,,81943,,55043,,141108,,95015,Z,63648,
05-2007,49843,,34579,,30891,,58002,,42233,,32418,,78897,,62055,,43594,,98097,,76998,,56925,,144810,,99535,Z,54231,
06-2007,50808,,35040,,30805,,59188,,43184,,32304,,80239,,67900,,40683,,101244,,89175,,53919,,130287,,136530,Z,57718,
07-2007,49818,,35832,,31695,,59457,,46256,,32487,,77469,,65829,,43130,,102538,,78143,,47355,,138041,,123192,Z,62644,
08-2007,51374,,36519,,32026,,59957,,46699,,33326,,84518,,73175,,43919,,113279,,90209,,54822,,158075,,156012,Z,64573,
09-2007,51438,,37749,,32273,,61533,,46721,,34198,,83601,,73301,,44401,,109693,,82724,,56898,,157125,,114845,Z,69814,
10-2007,54015,,39447,,33540,,64277,,51867,,35858,,87454,,86771,,46252,,113689,,110411,,60176,,161014,,133925,Z,86415,
11-2007,60085,,41770,,35375,,69901,,55676,,37441,,89869,,93994,,48866,,123380,,117816,,61584,,181793,,134358,Z,79362,
12-2007,62373,,43255,,36333,,73813,,57823,,38050,,99455,,95831,,48677,,126421,,108668,,59938,,195632,,168199,Z,80439,
01-2008,65273,,44018,,38869,,76881,,58834,,39342,,99481,,95147,,50514,,124966,,105006,,57310,,177232,,104657,Z,88253,
02-2008,67910,,43820,,38802,,78022,,59054,,38551,,109533,,95727,,47535,,128075,,101869,,67761,,195157,Z,137096,Z,77841,
03-2008,68226,,42680,,38314,,76791,,54128,,37217,,98445,,90484,,48614,,125055,,101729,,64327,,165690,,160841,Z,77025,
04-2008,65776,,43081,,37205,,75849,,52178,,37120,,98552,,75349,,47148,,128765,,96136,,59546,,187962,Z,140866,Z,73982,
05-2008,66992,,44359,,38775,,75716,,53940,,39911,,104296,,85383,,50097,,140673,,102186,,63289,,178007,,157255,Z,72070,
06-2008,65976,,44858,,38257,,75729,,54197,,39721,,98765,,81110,,49708,,132030,,121070,,61911,,201296,Z,122304,Z,91795,Z
07-2008,63839,,42399,,37842,,72186,,50088,,38350,,101133,,82631,,49316,,130700,,111414,,56010,,149052,Z,164432,Z,51503,Z
08-2008,60337,,41902,,38200,,68647,,52038,,38442,,87902,,74252,,49578,,122590,,108836,,55719,,179671,Z,157871,Z,70409,
09-2008,59021,,43326,,37532,,69990,,52359,,38904,,93276,,74262,,49927,,114995,,109030,,47325,,201519,Z,164244,Z,65029,Z
10-2008,57648,,41444,,35147,,61541,,48655,,37071,,79791,,68863,,45320,,106310,,91941,Z,52323,,165696,Z,139277,Z,42687,Z
11-2008,48596,,37576,,33873,,57955,,46520,,34240,,71386,,73688,,46956,,95906,,85605,,50340,,138695,Z,196860,Z,53895,Z
12-2008,50641,,38305,,33582,,58238,,47213,,35192,,83329,,68713,,43907,,97103,,87092,,51036,,140295,,91905,Z,59420,Z
01-2009,52222,,39222,,34723,,61526,,47605,,36017,,78132,,75384,,44531,,106691,,91833,,48319,,136752,,120707,Z,68498,Z
02-2009,51852,,36104,,35128,,61220,,44402,,36127,,82107,,69153,,45405,,103114,,83189,,52206,,144451,Z,120542,Z,65226,Z
03-2009,51690,,38051,,35542,,62341,,47499,,36108,,81119,,74127,,44910,,109172,,91190,,49504,,142134,,137132,Z,54295,
04-2009,55885,,40829,,37352,,67255,,53430,,38526,,85829,,81015,,46799,,110045,,96233,,53439,,146239,,108341,Z,64949,
05-2009,58307,,42204,,37498,,69097,,53420,,38463,,93817,,80005,,48234,,108973,,98050,,59820,,162999,,154404,Z,68205,
06-2009,61973,,44292,,38649,,71654,,56655,,39514,,94654,,90489,,49033,,121738,,95709,,61916,,172630,,147726,Z,71178,
07-2009,62942,,45117,,39306,,72654,,55647,,39862,,95671,,79531,,48441,,120894,,106262,,61207,,155916,,128743,Z,73623,
08-2009,65105,,46619,,40905,,74816,,59194,,40473,,102585,,99006,,49990,,130234,,112385,,56010,,171402,,158375,Z,65636,
09-2009,65886,,47316,,40719,,78060,,59299,,41019,,104660,,90432,,50152,,128920,,114099,,61099,,181905,,144074,Z,78109,
10-2009,66375,,47836,,40662,,77133,,57780,,40965,,103617,,89809,,52500,,132266,,113723,,58412,,191615,,158421,Z,71421,
11-2009,67497,,47260,,41732,,76460,,55968,,40883,,105437,,85511,,54337,,132046,,91283,,56809,,177491,Z,189760,Z,55637,
12-2009,67902,,50165,,42951,,76992,,63755,,42098,,103256,,99193,,53097,,129544,,108893,,61169,,184254,,155074,Z,79797,
01-2010,69915,,51567,,44673,,80597,,65239,,43682,,105598,,96843,,55093,,144721,,121546,,58516,,198436,,162285,Z,79276,
02-2010,71338,,52695,,44597,,83889,,66508,,43362,,109116,,100676,,54136,,131446,,119289,,60479,,198954,Z,137882,Z,76369,
03-2010,73059,,52851,,44622,,82777,,66420,,44632,,118839,,109062,,55059,,152694,,155441,,61397,,195281,,163589,Z,79752,
04-2010,73358,,53473,,45827,,83377,,66333,,44859,,111255,,102549,,56409,,134693,,134748,,59717,,208230,,149217,Z,67390,
05-2010,71391,,52676,,45639,,82166,,65119,,44410,,106500,,98291,,55957,,141382,,117777,,66258,,210813,,122352,Z,59079,
06-2010,73768,,54030,,48242,,84890,,67813,,47301,,112683,,95477,,58694,,150137,,128007,,70289,,182260,,166754,Z,74769,
07-2010,75519,,57136,,49510,,86947,,72096,,49260,,111011,,104119,,61634,,143810,,134116,,67644,,209790,,118835,Z,94336,
08-2010,77872,,57291,,49225,,86904,,71032,,48277,,115850,,105614,,61666,,146137,,143963,,69996,,237013,,225751,Z,60567,
09-2010,78139,,56085,,48389,,89152,,73491,,47282,,112005,,116809,,61495,,153345,,138200,,69174,,236488,,179192,Z,72536,
10-2010,81186,,59197,,51192,,92810,,72045,,49677,,112177,,121130,,63056,,157443,,146782,,71161,,207071,,188902,Z,73163,
11-2010,82571,,60529,,52445,,94796,,75429,,50752,,121249,,125738,,63230,,163083,,133154,,72200,,204376,,191906,Z,90315,
12-2010,83589,,60213,,53545,,91947,,76007,,51522,,121481,,131466,,62586,,174483,,132642,,68146,,191134,,113496,Z,65137,Z
01-2011,88425,,64593,,55872,,96477,,82704,,55145,,130410,,118561,,65839,,158303,,146748,,66428,,237098,,190591,Z,74493,
02-2011,93341,,67086,,56885,,99258,,84776,,55747,,133380,,131526,,65710,,152864,,159514,,73155,,210663,Z,202466,Z,85232,Z
03-2011,92831,,66806,,56940,,101002,,81550,,55104,,137085,,124898,,65728,,167920,,158064,,70720,,182967,,216708,Z,85517,
04-2011,95691,,67904,,58902,,102970,,82955,,55733,,139142,,112319,,67110,,170336,,153754,,82121,,258736,,235508,Z,88344,
05-2011,94814,,68927,,60012,,107177,,82780,,58009,,144823,,134173,,70613,,176320,,151740,,77717,,231142,Z,245456,Z,95354,
06-2011,95488,,70519,,59881,,107161,,83304,,57990,,145168,,133438,,71792,,174304,,146017,,73256,,268083,,177168,Z,96144,
07-2011,92824,,66975,,58981,,102284,,79168,,55907,,134378,,128527,,68837,,183469,,174554,Z,66047,,193049,Z,342055,Z,84732,Z
08-2011,93635,,68806,,60696,,104662,,79253,,58198,,136641,,109140,,69884,,176233,,195190,,77204,,205358,Z,-,,67890,Z
09-2011,95689,,69855,,60330,,105277,,84100,,59065,,132001,,118561,,73209,,163531,,158867,,66970,,190163,Z,235128,Z,72685,
10-2011,92908,,67061,,57048,,98360,,78920,,56175,,130082,,126239,,69378,,163511,,142576,Z,74351,,313450,Z,173473,Z,63328,
11-2011,96360,,67230,,55957,,102518,,79009,,54988,,124811,,125456,,66533,,181435,Z,144605,,77990,,247469,Z,91343,Z,61234,
12-2011,93517,,66898,,56499,,100361,,77573,,53632,,125885,,108406,,65970,,169277,,136307,,67306,,285817,Z,210174,Z,50456,Z
01-2012,92928,,65076,,57524,,95206,,75947,,55231,,128038,,127677,,67404,,158283,,145338,Z,74922,,292150,Z,153410,Z,49725,Z
02-2012,95270,,71628,,61181,,102189,,84485,,58477,,133179,,117862,,69854,,177238,,132584,,73322,,230705,Z,150361,Z,91779,Z
03-2012,102550,,75411,,63080,,105256,,89631,,61635,,138376,,117611,,70739,,166452,,149921,,76562,,250319,,164195,Z,88760,
04-2012,104518,,77571,,64259,,108551,,88755,,63293,,135609,,130967,,69933,,170654,,159440,,75893,,282049,Z,204536,Z,75099,
05-2012,108161,,79167,,65140,,111484,,91668,,64245,,139791,,124308,,73507,,176216,,170258,,72279,,251057,,182059,Z,103844,
06-2012,105379,,76989,,64492,,113009,,86844,,62143,,144354,,116708,,73187,,180040,,175430,,73966,,297755,Z,167328,Z,78474,Z
07-2012,107276,,81935,,68493,,112207,,91613,,65386,,148644,,132535,,74050,,175711,,170225,,80398,,255160,Z,163129,Z,88902,Z
08-2012,111814,,83444,,72262,,113685,,97769,,68879,,141634,,130654,,78488,,174984,,160872,,78072,,239140,Z,221003,Z,96112,
09-2012,115716,,85739,,74303,,121559,,99672,,70572,,146293,,133996,,79064,,177827,,141405,,82393,,285088,Z,187224,Z,92507,
10-2012,118979,,88110,,75941,,123103,,104374,,73025,,154398,,141311,,81989,,194865,,173608,,78085,,254693,,190350,Z,96242,
11-2012,123635,,89868,,76292,,121413,,103466,,70242,,156101,,144279,,84442,,190642,,156313,,73163,,269236,Z,323001,Z,79906,Z
12-2012,117962,,87584,,77686,,124757,,101276,,71205,,149490,,133071,,84645,,180839,,165250,Z,78522,,217475,Z,224366,Z,85676,Z
01-2013,123192,,92438,,82847,,126158,,108264,,75067,,153218,,149171,,83541,,178780,,152915,,78000,,248630,Z,203404,Z,97895,Z
02-2013,127260,,94229,,81866,,131670,,108317,,77087,,162933,,147958,,84870,,190843,,156977,,73659,,264174,Z,192667,Z,75015,Z
03-2013,126360,,92668,,84035,,128570,,107876,,74210,,162303,,131275,,84495,,182857,Z,159528,,81280,,-,,153740,Z,108811,Z
04-2013,121604,,92540,,80478,,123937,,93734,,71563,,152579,,139021,,86166,,166042,Z,138756,Z,87397,,250478,Z,197178,Z,77367,Z
05-2013,123554,,96811,,83010,,125464,,105313,,76307,,164125,,128721,,84331,,197464,,161646,Z,89953,,220589,Z,203923,Z,67534,Z
06-2013,122682,,96937,,84319,,127009,,104344,,77651,,159279,,135479,,88269,,184068,,144914,,75806,,264974,Z,220015,Z,52845,
07-2013,124162,,94964,,84355,,127168,,103024,,75735,,155242,,135567,,88513,,188813,,150625,Z,76588,,329423,Z,205678,Z,99783,Z
08-2013,123976,,97537,,84803,,128298,,105477,,76021,,154769,,156498,,88977,,183824,,158177,Z,80780,,351027,Z,217289,Z,63421,Z
09-2013,124556,,95258,,83246,,131131,,102377,,75615,,160475,,142700,,83902,,185046,,165814,Z,81823,,223636,Z,155824,Z,80318,Z
10-2013,118825,,94452,,83396,,119528,,95528,,74674,,168505,,128946,,84575,,190969,Z,160634,Z,84138,,288780,Z,-,,80828,
11-2013,122325,,94939,,81155,,124613,,95464,,73682,,161798,,128024,,84787,,177757,,167399,Z,72482,,212216,Z,-,,75447,
12-2013,120196,,94042,,83257,,122791,,102278,,74543,,163547,,131783,,86788,,185503,,168311,Z,90609,,230610,Z,192939,Z,73987,Z
01-2014,122912,,94583,,83760,,120714,,102645,,73153,,155848,,130555,,85949,,180140,Z,144675,Z,77247,,298896,Z,557678,Z,63226,Z
02-2014,122031,,95923,,83534,,118475,,99396,,74808,,153642,,148517,,80807,,173434,Z,164769,Z,71862,,282660,Z,-,,77574,Z
03-2014,122272,,95963,,84827,,127423,,101480,,76769,,139930,,119849,,83048,,190217,,172046,,84543,,252731,Z,311954,Z,69595,
04-2014,124046,,97350,,86617,,126576,,101635,,76578,,150941,,141165,,88014,,182232,Z,147744,Z,89249,,217482,Z,208282,Z,69527,
05-2014,123284,,101455,,88812,,124808,,105688,,78782,,146313,,127602,,86261,,165846,,177781,,86620,,241024,Z,201432,Z,61089,Z
06-2014,125779,,103124,,89724,,125268,,107610,,81696,,152815,,144548,,88731,,182779,,156309,,89528,,231794,Z,294627,Z,77017,
07-2014,126390,,103960,,91973,,129421,,107638,,82961,,140621,,130799,,89249,,182998,,136221,,85523,,187774,Z,226070,Z,80538,
08-2014,130909,,106452,,92231,,130015,,112940,,82717,,159152,,133557,,90742,,183244,,158359,,83810,,266985,Z,189181,Z,75217,
09-2014,133552,,105985,,94501,,134093,,111655,,82821,,155153,,149010,,91694,,181330,,161125,,92739,,251337,Z,202327,Z,66251,
10-2014,133211,,113331,,95800,,132068,,112477,,84318,,158242,,147216,,93354,,198327,,176208,,83946,,250511,Z,197228,Z,87626,
11-2014,134900,,112186,,97153,,137402,,113685,,85454,,167636,,143987,,94218,,195271,,141968,,82498,,286672,Z,205896,Z,73839,
12-2014,138166,,112619,,101034,,138205,,119118,,88665,,159238,,145756,,95058,,184926,,190669,Z,88881,,253795,Z,192621,Z,76417,
01-2015,142185,,116929,,104719,,140527,,121402,,91268,,172497,,140574,,97361,,187518,,173207,,94158,,212108,Z,-,,90613,
02-2015,147092,,119297,,106392,,145126,,121840,,92028,,169071,,151768,,94277,,215879,,154503,,96912,,206375,Z,310947,Z,72891,
03-2015,148875,,112545,,104778,,150289,,119964,,92482,,166777,,138633,,102627,,189581,,186081,Z,95913,,227406,Z,285667,Z,81938,Z
04-2015,146094,,116134,,105166,,148475,,119159,,93346,,170560,,151631,,100716,,198755,,197965,Z,101506,,230305,Z,175436,Z,97235,
05-2015,147960,,118409,,109038,,151728,,124110,,95574,,176366,,153818,,103624,,195155,,172690,,88912,,245471,Z,113863,Z,103147,
06-2015,147821,,122337,,113816,,153461,,125591,,97813,,179459,,158861,,105736,,209342,,177783,,95726,,215963,Z,171254,Z,131290,
07-2015,151462,,123736,,114705,,152175,,128291,,99534,,170908,,154191,,107064,,193054,,158491,,96277,,261183,Z,220875,Z,72531,
08-2015,150395,,124574,,112796,,153073,,124979,,99686,,181770,,146704,,105710,,198771,,144226,Z,106307,,263819,Z,-,,81271,
09-2015,149928,,120022,,108030,,150115,,117509,,93686,,174574,,166294,,101746,,191916,Z,172404,Z,100499,,301318,Z,196863,Z,88326,Z
10-2015,144388,,114392,,102668,,146295,,111165,,91530,,160319,,157851,,95326,,198759,Z,159643,Z,101059,,231285,Z,248255,Z,82420,Z
11-2015,141753,,108690,,100809,,137688,,112494,,87276,,167668,,140658,,97175,,186914,,152237,Z,96376,,226361,Z,193424,Z,77268,Z
12-2015,135326,,108080,,101079,,136718,,108247,,87842,,153661,,127824,,98222,,207501,,144848,Z,93642,,239001,Z,232564,Z,80059,Z
01-2016,136457,,104023,,96646,,143632,,109071,,83353,,139160,,154162,,90632,,192387,Z,153555,Z,82098,Z,211327,Z,192067,Z,71136,Z
02-2016,125025,,107502,,96064,,131983,,110148,,83513,,173390,Z,145688,,93876,,194307,Z,141692,Z,92857,Z,188414,Z,-,,65411,Z
03-2016,127715,,103717,,95951,,133682,,112064,,85780,,162224,,144512,,93636,,173541,,182679,,85524,,245048,Z,208336,Z,93043,Z
04-2016,129431,,106356,,97765,,132320,,111303,,88045,,153594,,145701,,95092,,203676,,142289,Z,88521,,245171,Z,243520,Z,71193,Z
05-2016,133507,,108231,,97458,,134256,,111662,,88584,,153059,,149022,,96873,,186966,,155816,,91296,,218079,Z,196098,Z,81815,Z
06-2016,130647,,109073,,98504,,134963,,110717,,88775,,156139,,150673,,95109,,197576,,172882,Z,94347,,234386,Z,188398,Z,91043,Z
07-2016,135071,,109448,,98910,,134731,,117487,,90957,,163322,,153184,,94996,,189671,,165374,,101860,,217234,Z,234271,Z,86290,Z
08-2016,138947,,115267,,104381,,140168,,114848,,92999,,164639,,135220,,98053,,190944,,167200,,96948,,245937,Z,291560,Z,83660,Z
09-2016,141802,,116264,,106982,,144356,,120996,,96947,,171045,,149165,,100183,,196841,,155545,,94385,,229523,,307372,Z,76196,Z
10-2016,145297,,119074,,107950,,146160,,122991,,98973,,170455,,156642,,101524,,213438,,171961,,100111,,263134,Z,190476,Z,88056,
11-2016,143519,,117985,,110819,,146919,,114467,,95528,,171687,,160648,,105424,,213616,,202067,,99208,,243374,Z,202962,Z,93950,Z
12-2016,141810,,116320,,112090,,149356,,123792,,97830,,159855,,144527,,99748,,212356,,196301,Z,94604,,280770,Z,216219,Z,70474,Z
01-2017,149334,,121979,,112391,,149245,,118786,,98651,,185736,,149225,,107401,,191646,Z,169958,Z,92255,,275942,Z,277549,Z,87576,Z
02-2017,145930,,121875,,116036,,150962,,129104,,100876,,178320,,167539,,108045,,211418,,162119,Z,106294,,199533,Z,438692,Z,113930,Z
03-2017,152631,,125553,,118811,,153420,,130990,,104857,,177600,,161246,,108623,,202151,,170264,,101992,,254537,Z,326249,Z,80038,
04-2017,160625,,132594,,123041,,161774,,134709,,108561,,184974,,171789,,107567,,221164,,155837,,96603,,250950,Z,-,,97496,
05-2017,159429,,127803,,120992,,162488,,125081,,104756,,181567,,152209,,109354,,213682,,183973,,113707,,240325,Z,206056,Z,104988,
06-2017,154076,,128596,,119100,,170678,,125461,,106722,,190235,,162729,,111370,,220279,,179611,Z,112057,,216464,Z,240085,Z,92669,
07-2017,161377,,128572,,119819,,158037,,130311,,101408,,184957,,151987,,112878,,203454,,196826,Z,101000,,222803,Z,299563,Z,73561,
08-2017,164308,,129735,,121048,,162533,,127793,,103881,,182970,,182005,,111051,,219574,,213662,Z,94217,,255878,Z,285745,Z,107839,Z
09-2017,158448,,131876,,122362,,160460,,133062,,108131,,180860,,169957,,113868,,189855,,173071,,100692,,264747,Z,245016,Z,93452,
10-2017,158716,,134022,,124552,,160567,,132749,,108076,,184141,,158590,,116829,,242599,,176252,,101953,,276889,Z,400288,Z,98788,
11-2017,164230,,136552,,125342,,166462,,137656,,113119,,190567,,172766,,123395,,221537,,192403,,109617,,286886,Z,243749,Z,78091,
12-2017,164551,,138535,,129226,,170118,,136298,,112829,,200471,,157133,,121393,,240344,,194677,,108534,,279933,Z,242672,Z,89477,Z
01-2018,171329,,140763,,132075,,170467,,141290,,115354,,203758,,170613,,121870,,231143,,176014,,120848,,285351,Z,317792,Z,91250,
02-2018,172459,,147791,,131983,,175351,,146427,,117872,,206056,,205891,,126876,,229862,,217407,Z,125806,,287628,Z,230788,Z,107487,Z
03-2018,174970,,149386,,135073,,169328,,147390,,116440,,188657,,165662,,127666,,222381,,226643,,107341,,278303,Z,287468,Z,73282,
04-2018,183541,,149355,,139675,,176744,,148831,,119473,,208410,,180819,,124817,,235148,,190609,,115753,,276919,Z,237793,Z,101404,
05-2018,181374,,152141,,141153,,177459,,151918,,123144,,218381,,167171,,129269,,227107,,187300,,113624,,286441,,248338,Z,99602,
06-2018,184662,,160077,,147492,,179950,,156826,,128706,,218786,,189263,,135044,,230433,,213306,Z,121026,,282608,,334351,Z,81838,Z
07-2018,190109,,156704,,143969,,186035,,143081,,126824,,216671,,169237,,126511,,231824,,218193,Z,111461,,327510,Z,-,,105437,Z
08-2018,186766,,157093,,144151,,179921,,151818,,124646,,208694,,173651,,134150,,250619,Z,156000,Z,113785,,337828,Z,236813,Z,117800,
09-2018,182792,,148211,,142034,,183081,,145786,,118306,,225441,,173797,,132616,,239107,Z,185978,Z,113235,,274992,Z,173088,Z,100806,Z
10-2018,184393,,141335,,138176,,175261,,133078,,114279,,220943,,145934,,134054,,257319,Z,185669,Z,116561,,466568,Z,-,,157296,
11-2018,175257,,137141,,132535,,175277,,141218,,113090,,223330,,188677,,115504,,242891,Z,195585,Z,118483,,226340,Z,342648,Z,102348,Z
12-2018,175079,,142474,,129823,,171390,,141012,,111932,,203331,,181117,,132458,,217471,Z,166815,Z,119084,Z,-,,-,,96847,Z
01-2019,163044,,145988,,136453,,171249,,137135,,115036,,204993,,178145,,121424,,223165,Z,186934,Z,126275,,344962,Z,141414,Z,85570,Z
02-2019,172031,,146927,,137073,,176403,,149822,,124009,,194115,,195644,,127451,,219460,,223731,Z,118588,,283221,Z,-,,91263,Z
03-2019,181222,,153797,,140244,,182260,,154771,,124538,,206658,,194186,,134892,,245696,,210044,,126010,,283780,,256932,Z,95465,
04-2019,186085,,160287,,145658,,186843,,156441,,127335,,225161,,185855,,139424,,262907,,183519,,118893,,278109,Z,208900,Z,95739,
05-2019,190792,,162146,,147974,,188190,,159310,,128496,,222399,,196066,,134294,,249481,,220501,Z,130284,,298078,Z,135422,Z,104903,
06-2019,182373,,163429,,149747,,186971,,152942,,124108,,224557,,163757,,138157,,242229,,189425,Z,134434,,258589,Z,194229,Z,102837,
07-2019,189954,,160413,,146416,,199707,,159446,,128381,,219802,,183860,,143037,,268355,Z,217326,Z,124536,,299408,Z,309625,Z,92810,Z
08-2019,197019,,160946,,143109,,180414,,145629,,122635,,218581,,191974,,131532,,254454,Z,197754,Z,112102,,278644,Z,-,,88800,Z
09-2019,176663,,157674,,148197,,174598,,148587,,122968,,212944,,204144,,131352,,252393,Z,195162,Z,122272,Z,242146,Z,293133,Z,71952,Z
10-2019,179779,,158850,,146383,,180111,,154360,,125072,,201577,,209691,,129854,,242240,Z,198012,Z,114641,,136154,Z,310705,Z,95385,Z
11-2019,189002,,156176,,151104,,182215,,157301,,132716,,213381,,178721,,127526,,243440,Z,253839,Z,120192,,252212,Z,226734,Z,94670,Z
12-2019,183099,,157336,,141148,,185591,,156321,,123794,,217222,,173052,,124582,,226967,,195559,Z,103503,,233576,Z,266674,Z,95961,Z
01-2020,186656,,161816,,146351,,182636,,154893,,129376,,215087,,191345,,126413,,228178,Z,204142,Z,114711,,308103,Z,-,,99182,Z
02-2020,188777,,157445,,145891,,183132,,159024,,127825,,211860,,181726,,132884,,246309,Z,172184,Z,136778,Z,201529,Z,395663,Z,117349,Z
03-2020,186176,,160734,,148592,,181228,,156536,,130572,,210191,,199418,,123308,,234466,,195049,Z,115963,,250116,Z,424044,Z,97323,Z
04-2020,186019,,161870,,151729,,179921,,157812,,129074,,197467,,203862,,126238,,220911,Z,160615,Z,122349,,367799,Z,191206,Z,95565,Z
05-2020,189977,,167178,,153680,,185216,,162672,,134271,,203498,,185049,,130435,,233350,,194587,,123858,,273574,Z,260591,Z,95912,
06-2020,186627,,162498,,150996,,185937,,160666,,131332,,218654,,204510,,129453,,251951,,197924,,121607,,259800,Z,249932,Z,118152,Z
07-2020,190525,,166842,,151689,,183666,,166535,,132428,,225440,,190223,,128353,,240818,,200049,Z,113451,,239251,Z,262111,Z,111109,Z
08-2020,186969,,157940,,146537,,182370,,160989,,132274,,207449,,184821,,128927,,238421,,217906,Z,123068,,269438,Z,351722,Z,106539,Z
09-2020,185914,,167691,,151170,,178489,,162937,,133852,,210354,,185294,,131513,,224046,,192770,Z,123381,,272610,Z,212795,Z,119555,
10-2020,186028,,160966,,147211,,183471,,161530,,132406,,216517,,181797,,132990,,217454,,192513,Z,102747,,285639,Z,279394,Z,92961,
11-2020,187056,,164892,,150776,,181836,,155957,,134218,,216007,,172377,,129560,,241755,,191323,,125658,,265365,Z,181810,Z,92259,Z
12-2020,182175,,162943,,146960,,180803,,161331,,132295,,199347,,179630,,132696,,240048,,224146,Z,121482,,272529,Z,276247,Z,90088,
01-2021,186334,,161519,,150098,,182804,,157182,,133466,,203860,,185691,,136923,,209916,Z,197157,Z,121776,,301089,Z,-,,114447,
02-2021,189786,,165609,,152040,,181785,,164365,,135222,,209623,,198589,,134299,,247821,,223667,Z,123662,,299952,Z,218671,Z,122603,
03-2021,187117,,165853,,153226,,181911,,164627,,137198,,212374,,192025,,137873,,241478,,206691,,123108,,234706,Z,167141,Z,113472,
04-2021,186745,,164583,,155560,,183579,,160950,,136828,,211389,,181398,,132257,,253834,,194656,,124249,,274255,Z,203921,Z,119158,
05-2021,193890,,164964,,152140,,186691,,164700,,136021,,221965,,184829,,138630,,261326,,217745,,130321,,278760,Z,212290,Z,121565,
06-2021,191786,,167908,,155220,,188970,,163997,,139237,,210166,,186379,,143039,,235146,,193379,,128762,,262670,Z,247690,Z,105382,Z
07-2021,194797,,172575,,151309,,187900,,165977,,140114,,218195,,195883,,139443,,240242,,214119,,128553,,292601,Z,-,,100376,Z
08-2021,196719,,170002,,152199,,185971,,160572,,137688,,212493,,193601,,135707,,257158,,255928,,126718,,319911,Z,419368,Z,119062,
09-2021,189721,,171188,,152367,,183417,,159256,,134346,,228079,,183862,,141097,,265624,,188081,Z,128644,,293324,Z,221061,Z,123987,
10-2021,186889,,162494,,153204,,184600,,151232,,133457,,213691,,205332,,138074,,270143,,210626,Z,119355,,396782,Z,-,,117391,Z
11-2021,185735,,160924,,154586,,188298,,152581,,135305,,218572,,157340,,137963,,242231,,210543,Z,131324,,241116,Z,282516,Z,112190,
12-2021,182038,,158895,,150227,,180230,,155688,,134759,,220620,,193351,,132671,,229725,,232979,Z,123660,,283455,Z,266372,Z,102956,Z
01-2022,187692,,161015,,153749,,178743,,157349,,134957,,212167,,183525,,137967,,226374,,202706,Z,130872,,272625,Z,253875,Z,105913,Z
02-2022,181542,,154575,,148478,,182090,,158580,,136737,,214997,,172362,,136181,,230006,Z,220330,Z,121921,,260964,Z,348811,Z,102776,Z
03-2022,179556,,161178,,148659,,186463,,159137,,134505,,201036,,176831,,130502,,222539,Z,191439,Z,116716,,233286,Z,-,,99268,Z
04-2022,183183,,163509,,149829,,181452,,162584,,138770,,203320,,188048,,136885,,247263,,191004,Z,117792,,221540,Z,238306,Z,106270,
05-2022,180594,,157172,,148577,,180275,,157989,,135286,,203786,,167937,,143704,,251428,,187509,,121651,,199798,Z,-,,125173,Z
06-2022,176855,,148803,,145996,,183457,,156356,,132643,,210240,,171859,,137864,,206727,Z,140847,Z,125970,,217042,Z,-,,121820,Z
07-2022,167549,,157596,,144387,,174784,,154309,,128222,,206080,,188395,,135386,,226941,Z,181060,Z,121849,,240985,Z,185631,Z,112929,Z
08-2022,169358,,148475,,140696,,169921,,149001,,128778,,212655,,151576,,138632,,235534,Z,205789,Z,114092,,200336,Z,78204,Z,130519,Z
09-2022,162710,,142151,,141137,,162162,,144934,,126012,,204390,,171280,,131896,,225001,Z,172079,Z,118683,,361819,Z,-,,111390,Z
10-2022,157131,,142962,,136554,,160996,,139119,,124261,,201317,,161492,,128253,,200180,Z,189642,Z,111690,,324823,Z,-,,85564,Z
11-2022,151119,,135097,,130410,,159903,,136406,,120471,,187274,,155560,,124685,,222309,Z,191606,Z,104771,,224838,Z,189259,Z,84735,Z
12-2022,148135,,135679,,128291,,149122,,141607,,119894,,175042,,155809,,127780,,234405,Z,203543,Z,107355,,190957,Z,201842,Z,95575,Z
01-2023,152558,,141855,,131214,,156684,,147534,,123360,,197219,,162296,,129421,,230883,,180373,Z,118449,,349346,Z,166706,Z,97080,Z
02-2023,155401,,143318,,136413,,165330,,145011,,125067,,187173,,171987,,132808,,221425,Z,177212,Z,116012,,276830,Z,213065,Z,119582,Z
03-2023,159963,,139342,,136154,,168071,,147102,,124585,,202866,,165565,,133690,,224248,,162022,,132408,,230555,Z,212832,Z,127940,
04-2023,158520,,141401,,136689,,167660,,150351,,127120,,194444,,163011,,136083,,247285,Z,186025,Z,137723,,243851,Z,-,,103581,Z
05-2023,164305,,137022,,132705,,163626,,145008,,126415,,198502,,155387,,134544,,242366,,186751,,116941,,237326,Z,188342,Z,121981,Z
06-2023,153496,,134077,,135447,,163097,,147452,,121339,,183442,,146716,,133501,,211365,,213842,Z,125352,,276700,Z,189463,Z,80480,Z
07-2023,149803,,132524,,127259,,153713,,138019,,126312,,181501,,155312,,130478,,204097,Z,188278,Z,119427,,281514,Z,229362,Z,95743,Z
08-2023,149565,,129340,,127556,,151297,,139096,,119594,,210809,,166373,,127520,,194803,Z,213516,Z,108066,,255227,Z,118944,Z,116169,Z
09-2023,152686,,128605,,121808,,155691,,130547,,115148,,210025,,166768,,129476,,217720,Z,191560,Z,129046,Z,268883,Z,-,,115847,Z
10-2023,143260,,125390,,119531,,155497,,133514,,112661,,174146,,157730,,127450,,171662,Z,208069,Z,120426,,234552,Z,370255,Z,113721,Z
11-2023,140890,,125233,,118008,,147898,,137165,,111794,,171789,,157926,,123214,,174412,Z,195344,,120789,,251198,Z,-,,86660,Z
12-2023,149651,,120004,,114341,,148518,,130036,,112808,,182607,,155251,,120414,,199419,,179554,Z,108882,,252958,Z,182629,Z,98416,Z
01-2024,135044,,118204,,114155,,143710,,126025,,112457,,157031,,156020,,120715,,202008,,177982,,118338,,238780,Z,209563,Z,74541,Z
02-2024,135734,,123661,,112613,,154860,,130909,,106100,,162295,,157507,,121259,,217749,Z,174592,Z,107026,,249103,Z,-,,84874,Z
03-2024,135087,,120220,,115956,,141912,,129866,,111649,,168895,,163346,,118990,,206817,,183009,,116148,,211595,Z,186295,Z,99517,Z
04-2024,140215,,118258,,113840,,143930,,133717,,112066,,165168,,172216,,121682,,203250,,174802,,114896,,265830,Z,191863,Z,94366,
05-2024,141083,,117821,,112401,,143102,,128946,,107781,,172964,,172993,,118383,,199376,,188280,,107141,,261891,Z,161752,Z,98752,
06-2024,134254,,115540,,111135,,142516,,126110,,110086,,166178,,169861,,119895,,204561,,199687,,110599,,270161,Z,218605,Z,99924,
07-2024,132989,,114122,,109440,,143152,,122897,,108404,,172665,,155287,,115905,,207973,,184776,,103418,,262047,Z,207008,Z,99495,
08-2024,130085,,114840,,110529,,134332,,124910,,104834,,168839,,142936,,118827,,216641,,152745,Z,108240,,248742,Z,209313,Z,86618,Z
09-2024,129451,,109642,,106197,,136953,,116923,,103991,,172802,,146413,,112536,,177017,,190846,,109325,,240804,Z,219358,Z,104001,Z
10-2024,132124,,114996,,111516,,135747,,126272,,109309,,157013,,154484,,117820,,207051,,173177,,112248,,268110,Z,258364,Z,102472,
11-2024,127215,,113579,,110724,,139331,,124569,,107109,,168109,,151978,,115104,,220268,,171208,,105069,,247908,Z,218039,Z,93160,
12-2024,129573,,111090,,107970,,141641,,122380,,105861,,162199,,163713,,114306,,210843,,152098,,110045,,230621,Z,174702,Z,92288,
01-2025,126122,,115916,,107862,,135125,,118948,,103784,,157342,,160908,,111413,,197981,,179572,,105889,,231433,Z,171139,Z,80198,Z
02-2025,129139,,110977,,107230,,134013,,120767,,104305,,163107,,152226,,110149,,190105,,160711,,101265,,200979,Z,258452,Z,89929,Z
03-2025,123192,,114982,,109052,,131447,,116725,,101467,,158433,,160967,,105866,,189687,,164574,,101278,,224100,,188250,Z,86533,
04-2025,123595,,113451,,106811,,133974,,117654,,102135,,157818,,142936,,113556,,166971,,176365,,115777,,265957,Z,179642,Z,84927,
05-2025,127674,,114555,,107856,,133789,,118655,,103754,,158795,,150184,,116218,,205620,,169708,,105205,,208937,Z,340137,Z,99591,
06-2025,127335,,113895,,110552,,131138,,124503,,104552,,159628,,150243,,111966,,196088,,172266,,99009,,212532,,231833,Z,97046,
07-2025,127545,,113658,,111248,,133177,,124525,,105432,,156628,,153951,,119535,,188797,,173925,,110310,,224197,Z,179117,Z,80199,Z
08-2025,135257,,114351,,108584,,132501,,126508,,102666,,164649,,145731,,116470,,175085,,171472,,115185,,211924,Z,160982,Z,94058,
09-2025,136184,,119016,,113747,,135215,,124284,,106697,,171096,,154921,,111664,,188876,,179272,,114334,,226430,,179271,Z,92187,
10-2025,131782,,118596,,109440,,132744,,124811,,105648,,175814,,154217,,114468,,200220,,168953,,108685,,206222,Z,215854,Z,108077,Z
11-2025,135832,,116077,,112115,,141364,,130928,,109271,,166371,,172853,,114704,,198897,,177561,,113815,,219399,Z,202640,Z,100413,
12-2025,136878,,118338,,115164,,139422,,131141,,107333,,163705,,174967,,119169,,198286,,169259,,107733,,259655,Z,162908,Z,100185,
01-2026,138337,,122613,,116965,,143762,,129265,,109314,,165730,,160179,,125184,,183962,,192050,,114069,,261699,Z,174749,Z,85178,
02-2026,141211,,129260,,121827,,145751,,134831,,112794,,174921,,165731,,121168,,199253,,187902,,113753,,323894,Z,211048,Z,101298,
03-2026,142278,,130179,,124351,,148944,,135933,,114905,,175625,,173560,,124489,,202989,,187410,,124327,,212464,Z,214558,Z,99422,
04-2026,153343,,133829,,123457,,150006,,138227,,116045,,173890,,176877,,128385,,195785,,198733,,118519,,233285,Z,203266,Z,98827,
05-2026,148167,P,139880,P,125877,P,156352,P,137853,P,120460,P,194927,P,171622,P,131776,P,225882,P,182721,P,117068,P,248730,P,176109,PZ,98209,P
06-2026,146914,P,135812,P,125497,P,157193,P,139332,P,114199,P,187204,P,168227,P,128411,P,235871,P,185283,P,115390,P,231645,P,255412,PZ,99917,P
07-2026,152904,P,129289,P,121972,P,158072,P,136394,P,109310,P,186483,P,175312,P,126535,P,225118,P,191651,P,116461,P,244327,PZ,322918,PZ,112162,PZ
